role,shot_id,idx,time_to_end_ms,label,keep
disrupt_with_advanced,1051501,0,-233.66167768371588,0,1
disrupt_with_advanced,1051501,1,-232.65451527990675,0,1
disrupt_with_advanced,1051501,2,-231.64735287609764,0,1
disrupt_with_advanced,1051501,3,-230.6401904722885,0,1
disrupt_with_advanced,1051501,4,-229.6330280684794,0,1
disrupt_with_advanced,1051501,5,-228.62586566467027,0,1
disrupt_with_advanced,1051501,6,-227.61870326086117,0,1
disrupt_with_advanced,1051501,7,-226.61154085705203,0,1
disrupt_with_advanced,1051501,8,-225.60437845324293,0,1
disrupt_with_advanced,1051501,9,-224.5972160494338,0,1
disrupt_with_advanced,1051501,10,-223.59005364562466,0,1
disrupt_with_advanced,1051501,11,-222.58289124181556,0,1
disrupt_with_advanced,1051501,12,-221.57572883800643,0,1
disrupt_with_advanced,1051501,13,-220.56856643419732,0,1
disrupt_with_advanced,1051501,14,-219.5614040303882,0,1
disrupt_with_advanced,1051501,15,-218.55424162657908,0,1
disrupt_with_advanced,1051501,16,-217.54707922276995,0,1
disrupt_with_advanced,1051501,17,-216.53991681896085,0,1
disrupt_with_advanced,1051501,18,-215.53275441515171,0,1
disrupt_with_advanced,1051501,19,-214.5255920113426,0,1
disrupt_with_advanced,1051501,20,-213.51842960753348,0,1
disrupt_with_advanced,1051501,21,-212.51126720372434,0,1
disrupt_with_advanced,1051501,22,-211.50410479991524,0,1
disrupt_with_advanced,1051501,23,-210.4969423961061,0,1
disrupt_with_advanced,1051501,24,-209.489779992297,0,1
disrupt_with_advanced,1051501,25,-208.48261758848787,0,1
disrupt_with_advanced,1051501,26,-207.47545518467876,0,1
disrupt_with_advanced,1051501,27,-206.46829278086963,0,1
disrupt_with_advanced,1051501,28,-205.4611303770605,0,1
disrupt_with_advanced,1051501,29,-204.4539679732514,0,1
disrupt_with_advanced,1051501,30,-203.44680556944226,0,1
disrupt_with_advanced,1051501,31,-202.43964316563316,0,1
disrupt_with_advanced,1051501,32,-201.43248076182402,0,1
disrupt_with_advanced,1051501,33,-200.42531835801492,0,1
disrupt_with_advanced,1051501,34,-199.4181559542058,0,1
disrupt_with_advanced,1051501,35,-198.41099355039665,0,1
disrupt_with_advanced,1051501,36,-197.40383114658755,0,1
disrupt_with_advanced,1051501,37,-196.39666874277844,0,1
disrupt_with_advanced,1051501,38,-195.3895063389693,0,1
disrupt_with_advanced,1051501,39,-194.38234393516018,0,1
disrupt_with_advanced,1051501,40,-193.37518153135107,0,1
disrupt_with_advanced,1051501,41,-192.36801912754194,0,1
disrupt_with_advanced,1051501,42,-191.36085672373284,0,1
disrupt_with_advanced,1051501,43,-190.3536943199237,0,1
disrupt_with_advanced,1051501,44,-189.3465319161146,0,1
disrupt_with_advanced,1051501,45,-188.33936951230547,0,1
disrupt_with_advanced,1051501,46,-187.33220710849633,0,1
disrupt_with_advanced,1051501,47,-186.32504470468723,0,1
disrupt_with_advanced,1051501,48,-185.31788230087813,0,1
disrupt_with_advanced,1051501,49,-184.310719897069,0,1
disrupt_with_advanced,1051501,50,-183.30355749325986,0,1
disrupt_with_advanced,1051501,51,-182.29639508945075,0,1
disrupt_with_advanced,1051501,52,-181.28923268564162,0,1
disrupt_with_advanced,1051501,53,-180.2820702818325,0,1
disrupt_with_advanced,1051501,54,-179.27490787802338,0,1
disrupt_with_advanced,1051501,55,-178.26774547421428,0,1
disrupt_with_advanced,1051501,56,-177.26058307040515,0,1
disrupt_with_advanced,1051501,57,-176.253420666596,0,1
disrupt_with_advanced,1051501,58,-175.2462582627869,0,1
disrupt_with_advanced,1051501,59,-174.23909585897778,0,1
disrupt_with_advanced,1051501,60,-173.23193345516867,0,1
disrupt_with_advanced,1051501,61,-172.22477105135954,0,1
disrupt_with_advanced,1051501,62,-171.21760864755043,0,1
disrupt_with_advanced,1051501,63,-170.2104462437413,0,1
disrupt_with_advanced,1051501,64,-169.20328383993217,0,1
disrupt_with_advanced,1051501,65,-168.19612143612306,0,1
disrupt_with_advanced,1051501,66,-167.18895903231396,0,1
disrupt_with_advanced,1051501,67,-166.18179662850483,0,1
disrupt_with_advanced,1051501,68,-165.1746342246957,0,1
disrupt_with_advanced,1051501,69,-164.1674718208866,0,1
disrupt_with_advanced,1051501,70,-163.16030941707746,0,1
disrupt_with_advanced,1051501,71,-162.15314701326832,0,1
disrupt_with_advanced,1051501,72,-161.14598460945922,0,1
disrupt_with_advanced,1051501,73,-160.13882220565011,0,1
disrupt_with_advanced,1051501,74,-159.13165980184098,0,1
disrupt_with_advanced,1051501,75,-158.12449739803185,0,1
disrupt_with_advanced,1051501,76,-157.11733499422274,0,1
disrupt_with_advanced,1051501,77,-156.11017259041364,0,1
disrupt_with_advanced,1051501,78,-155.10301018660448,0,1
disrupt_with_advanced,1051501,79,-154.09584778279537,0,1
disrupt_with_advanced,1051501,80,-153.08868537898627,0,1
disrupt_with_advanced,1051501,81,-152.08152297517714,0,1
disrupt_with_advanced,1051501,82,-151.074360571368,0,1
disrupt_with_advanced,1051501,83,-150.0671981675589,0,1
disrupt_with_advanced,1051501,84,-149.0600357637498,0,1
disrupt_with_advanced,1051501,85,-148.05287335994066,0,1
disrupt_with_advanced,1051501,86,-147.04571095613153,0,1
disrupt_with_advanced,1051501,87,-146.03854855232242,0,1
disrupt_with_advanced,1051501,88,-145.0313861485133,0,1
disrupt_with_advanced,1051501,89,-144.02422374470416,0,1
disrupt_with_advanced,1051501,90,-143.01706134089505,0,1
disrupt_with_advanced,1051501,91,-142.00989893708595,0,1
disrupt_with_advanced,1051501,92,-141.00273653327682,0,1
disrupt_with_advanced,1051501,93,-139.99557412946768,0,1
disrupt_with_advanced,1051501,94,-138.98841172565858,0,1
disrupt_with_advanced,1051501,95,-137.98124932184948,0,1
disrupt_with_advanced,1051501,96,-136.97408691804034,0,1
disrupt_with_advanced,1051501,97,-135.9669245142312,0,1
disrupt_with_advanced,1051501,98,-134.9597621104221,0,1
disrupt_with_advanced,1051501,99,-133.95259970661297,0,1
disrupt_with_advanced,1051501,100,-132.94543730280384,0,1
disrupt_with_advanced,1051501,101,-131.93827489899473,0,1
disrupt_with_advanced,1051501,102,-130.93111249518563,0,1
disrupt_with_advanced,1051501,103,-129.9239500913765,0,1
disrupt_with_advanced,1051501,104,-128.91678768756736,0,1
disrupt_with_advanced,1051501,105,-127.90962528375826,0,1
disrupt_with_advanced,1051501,106,-126.9024628799491,0,1
disrupt_with_advanced,1051501,107,-125.89530047614,0,1
disrupt_with_advanced,1051501,108,-124.88813807233089,0,1
disrupt_with_advanced,1051501,109,-123.88097566852178,0,1
disrupt_with_advanced,1051501,110,-122.87381326471268,0,1
disrupt_with_advanced,1051501,111,-121.86665086090352,0,1
disrupt_with_advanced,1051501,112,-120.85948845709441,0,1
disrupt_with_advanced,1051501,113,-119.85232605328531,0,1
disrupt_with_advanced,1051501,114,-118.84516364947615,0,1
disrupt_with_advanced,1051501,115,-117.83800124566704,0,1
disrupt_with_advanced,1051501,116,-116.83083884185794,0,1
disrupt_with_advanced,1051501,117,-115.82367643804878,0,1
disrupt_with_advanced,1051501,118,-114.81651403423967,0,1
disrupt_with_advanced,1051501,119,-113.80935163043057,0,1
disrupt_with_advanced,1051501,120,-112.80218922662146,0,1
disrupt_with_advanced,1051501,121,-111.79502682281236,0,1
disrupt_with_advanced,1051501,122,-110.7878644190032,0,1
disrupt_with_advanced,1051501,123,-109.7807020151941,0,1
disrupt_with_advanced,1051501,124,-108.77353961138499,0,1
disrupt_with_advanced,1051501,125,-107.76637720757583,0,1
disrupt_with_advanced,1051501,126,-106.75921480376672,0,1
disrupt_with_advanced,1051501,127,-105.75205239995762,0,1
disrupt_with_advanced,1051501,128,-104.74488999614846,0,1
disrupt_with_advanced,1051501,129,-103.73772759233935,0,1
disrupt_with_advanced,1051501,130,-102.73056518853025,0,1
disrupt_with_advanced,1051501,131,-101.72340278472109,0,1
disrupt_with_advanced,1051501,132,-100.71624038091204,0,1
disrupt_with_advanced,1051501,133,-99.70907797710288,0,1
disrupt_with_advanced,1051501,134,-98.70191557329377,0,1
disrupt_with_advanced,1051501,135,-97.69475316948467,0,1
disrupt_with_advanced,1051501,136,-96.68759076567551,0,1
disrupt_with_advanced,1051501,137,-95.6804283618664,0,1
disrupt_with_advanced,1051501,138,-94.6732659580573,0,1
disrupt_with_advanced,1051501,139,-93.66610355424814,0,1
disrupt_with_advanced,1051501,140,-92.65894115043903,0,1
disrupt_with_advanced,1051501,141,-91.65177874662993,0,1
disrupt_with_advanced,1051501,142,-90.64461634282077,0,1
disrupt_with_advanced,1051501,143,-89.63745393901172,0,1
disrupt_with_advanced,1051501,144,-88.63029153520256,0,1
disrupt_with_advanced,1051501,145,-87.62312913139345,0,1
disrupt_with_advanced,1051501,146,-86.61596672758435,0,1
disrupt_with_advanced,1051501,147,-85.60880432377519,0,1
disrupt_with_advanced,1051501,148,-84.60164191996608,0,1
disrupt_with_advanced,1051501,149,-83.59447951615698,0,1
disrupt_with_advanced,1051501,150,-82.58731711234782,0,1
disrupt_with_advanced,1051501,151,-81.58015470853871,0,1
disrupt_with_advanced,1051501,152,-80.57299230472961,0,1
disrupt_with_advanced,1051501,153,-79.56582990092045,0,1
disrupt_with_advanced,1051501,154,-78.5586674971114,0,1
disrupt_with_advanced,1051501,155,-77.55150509330224,0,1
disrupt_with_advanced,1051501,156,-76.54434268949308,0,1
disrupt_with_advanced,1051501,157,-75.53718028568403,0,1
disrupt_with_advanced,1051501,158,-74.53001788187487,0,1
disrupt_with_advanced,1051501,159,-73.52285547806576,0,1
disrupt_with_advanced,1051501,160,-72.51569307425666,0,1
disrupt_with_advanced,1051501,161,-71.5085306704475,0,1
disrupt_with_advanced,1051501,162,-70.5013682666384,0,1
disrupt_with_advanced,1051501,163,-69.49420586282929,0,1
disrupt_with_advanced,1051501,164,-68.48704345902013,0,1
disrupt_with_advanced,1051501,165,-67.47988105521102,0,1
disrupt_with_advanced,1051501,166,-66.47271865140192,0,1
disrupt_with_advanced,1051501,167,-65.46555624759276,0,1
disrupt_with_advanced,1051501,168,-64.45839384378371,0,1
disrupt_with_advanced,1051501,169,-63.45123143997455,0,1
disrupt_with_advanced,1051501,170,-62.444069036165445,0,1
disrupt_with_advanced,1051501,171,-61.43690663235634,0,1
disrupt_with_advanced,1051501,172,-60.42974422854718,0,1
disrupt_with_advanced,1051501,173,-59.422581824738074,0,1
disrupt_with_advanced,1051501,174,-58.41541942092897,0,1
disrupt_with_advanced,1051501,175,-57.40825701711981,0,1
disrupt_with_advanced,1051501,176,-56.401094613310704,0,1
disrupt_with_advanced,1051501,177,-55.3939322095016,0,1
disrupt_with_advanced,1051501,178,-54.38676980569244,0,1
disrupt_with_advanced,1051501,179,-53.37960740188339,0,1
disrupt_with_advanced,1051501,180,-52.37244499807423,0,1
disrupt_with_advanced,1051501,181,-51.365282594265125,0,1
disrupt_with_advanced,1051501,182,-50.35812019045602,0,1
disrupt_with_advanced,1051501,183,-49.35095778664686,0,1
disrupt_with_advanced,1051501,184,-48.343795382837754,0,1
disrupt_with_advanced,1051501,185,-47.33663297902865,0,1
disrupt_with_advanced,1051501,186,-46.32947057521949,0,1
disrupt_with_advanced,1051501,187,-45.322308171410384,0,1
disrupt_with_advanced,1051501,188,-44.31514576760128,0,1
disrupt_with_advanced,1051501,189,-43.30798336379212,0,1
disrupt_with_advanced,1051501,190,-42.30082095998307,0,1
disrupt_with_advanced,1051501,191,-41.29365855617391,0,1
disrupt_with_advanced,1051501,192,-40.286496152364805,0,1
disrupt_with_advanced,1051501,193,-39.2793337485557,0,0
disrupt_with_advanced,1051501,194,-38.27217134474654,0,0
disrupt_with_advanced,1051501,195,-37.265008940937435,0,0
disrupt_with_advanced,1051501,196,-36.25784653712833,0,0
disrupt_with_advanced,1051501,197,-35.25068413331917,0,0
disrupt_with_advanced,1051501,198,-34.243521729510064,0,0
disrupt_with_advanced,1051501,199,-33.23635932570096,0,0
disrupt_with_advanced,1051501,200,-32.2291969218918,0,0
disrupt_with_advanced,1051501,201,-31.22203451808275,0,0
disrupt_with_advanced,1051501,202,-30.21487211427359,0,0
disrupt_with_advanced,1051501,203,-29.207709710464428,0,0
disrupt_with_advanced,1051501,204,-28.20054730665538,0,0
disrupt_with_advanced,1051501,205,-27.19338490284622,0,0
disrupt_with_advanced,1051501,206,-26.186222499037115,0,0
disrupt_with_advanced,1051501,207,-25.17906009522801,0,0
disrupt_with_advanced,1051501,208,-24.17189769141885,0,0
disrupt_with_advanced,1051501,209,-23.164735287609744,0,0
disrupt_with_advanced,1051501,210,-22.15757288380064,0,0
disrupt_with_advanced,1051501,211,-21.15041047999148,0,0
disrupt_with_advanced,1051501,212,-20.143248076182374,0,0
disrupt_with_advanced,1051501,213,-19.13608567237327,0,0
disrupt_with_advanced,1051501,214,-18.128923268564108,0,0
disrupt_with_advanced,1051501,215,-17.12176086475506,0,0
disrupt_with_advanced,1051501,216,-16.1145984609459,0,0
disrupt_with_advanced,1051501,217,-15.107436057136795,0,0
disrupt_with_advanced,1051501,218,-14.10027365332769,0,0
disrupt_with_advanced,1051501,219,-13.093111249518529,0,0
disrupt_with_advanced,1051501,220,-12.085948845709424,0,0
disrupt_with_advanced,1051501,221,-11.07878644190032,0,0
disrupt_with_advanced,1051501,222,-10.071624038091159,1,1
disrupt_with_advanced,1051501,223,-9.064461634282054,1,1
disrupt_with_advanced,1051501,224,-8.05729923047295,1,1
disrupt_with_advanced,1051501,225,-7.050136826663788,1,1
disrupt_with_advanced,1051501,226,-6.042974422854741,1,1
disrupt_with_advanced,1051501,227,-5.035812019045579,1,1
disrupt_with_advanced,1051501,228,-4.028649615236475,1,1
disrupt_with_advanced,1051501,229,-3.0214872114273703,1,1
disrupt_with_advanced,1051501,230,-2.014324807618209,1,1
disrupt_with_advanced,1051501,231,-1.0071624038091045,1,1
disrupt_with_advanced,1051501,232,0.0,1,1
disrupt_without_advanced,1053639,0,-39.44,0,0
disrupt_without_advanced,1053639,1,-38.40210526315789,0,0
disrupt_without_advanced,1053639,2,-37.36421052631579,0,0
disrupt_without_advanced,1053639,3,-36.32631578947368,0,0
disrupt_without_advanced,1053639,4,-35.28842105263158,0,0
disrupt_without_advanced,1053639,5,-34.25052631578947,0,0
disrupt_without_advanced,1053639,6,-33.21263157894737,0,0
disrupt_without_advanced,1053639,7,-32.17473684210526,0,0
disrupt_without_advanced,1053639,8,-31.136842105263156,0,0
disrupt_without_advanced,1053639,9,-30.09894736842105,0,0
disrupt_without_advanced,1053639,10,-29.061052631578946,0,0
disrupt_without_advanced,1053639,11,-28.02315789473684,0,0
disrupt_without_advanced,1053639,12,-26.985263157894735,0,0
disrupt_without_advanced,1053639,13,-25.94736842105263,0,0
disrupt_without_advanced,1053639,14,-24.909473684210525,1,1
disrupt_without_advanced,1053639,15,-23.87157894736842,1,1
disrupt_without_advanced,1053639,16,-22.833684210526314,1,1
disrupt_without_advanced,1053639,17,-21.79578947368421,1,1
disrupt_without_advanced,1053639,18,-20.757894736842104,1,1
disrupt_without_advanced,1053639,19,-19.72,1,1
disrupt_without_advanced,1053639,20,-18.682105263157894,1,1
disrupt_without_advanced,1053639,21,-17.64421052631579,1,1
disrupt_without_advanced,1053639,22,-16.606315789473683,1,1
disrupt_without_advanced,1053639,23,-15.568421052631578,1,1
disrupt_without_advanced,1053639,24,-14.530526315789473,1,1
disrupt_without_advanced,1053639,25,-13.492631578947368,1,1
disrupt_without_advanced,1053639,26,-12.454736842105262,1,1
disrupt_without_advanced,1053639,27,-11.416842105263157,1,1
disrupt_without_advanced,1053639,28,-10.378947368421052,1,1
disrupt_without_advanced,1053639,29,-9.341052631578947,1,1
disrupt_without_advanced,1053639,30,-8.303157894736842,1,1
disrupt_without_advanced,1053639,31,-7.265263157894736,1,1
disrupt_without_advanced,1053639,32,-6.227368421052631,1,1
disrupt_without_advanced,1053639,33,-5.189473684210526,1,1
disrupt_without_advanced,1053639,34,-4.151578947368421,1,1
disrupt_without_advanced,1053639,35,-3.1136842105263156,1,1
disrupt_without_advanced,1053639,36,-2.0757894736842104,1,1
disrupt_without_advanced,1053639,37,-1.0378947368421052,1,1
disrupt_without_advanced,1053639,38,0.0,1,1
non_disruptive,1051500,0,-449.64007768371596,0,1
non_disruptive,1051500,1,-448.6364167960291,0,1
non_disruptive,1051500,2,-447.63275590834223,0,1
non_disruptive,1051500,3,-446.62909502065537,0,1
non_disruptive,1051500,4,-445.6254341329685,0,1
non_disruptive,1051500,5,-444.6217732452816,0,1
non_disruptive,1051500,6,-443.6181123575948,0,1
non_disruptive,1051500,7,-442.61445146990786,0,1
non_disruptive,1051500,8,-441.61079058222106,0,1
non_disruptive,1051500,9,-440.60712969453414,0,1
non_disruptive,1051500,10,-439.60346880684733,0,1
non_disruptive,1051500,11,-438.5998079191604,0,1
non_disruptive,1051500,12,-437.5961470314736,0,1
non_disruptive,1051500,13,-436.5924861437867,0,1
non_disruptive,1051500,14,-435.5888252560998,0,1
non_disruptive,1051500,15,-434.58516436841296,0,1
non_disruptive,1051500,16,-433.5815034807261,0,1
non_disruptive,1051500,17,-432.57784259303924,0,1
non_disruptive,1051500,18,-431.5741817053524,0,1
non_disruptive,1051500,19,-430.5705208176655,0,1
non_disruptive,1051500,20,-429.56685992997865,0,1
non_disruptive,1051500,21,-428.5631990422918,0,1
non_disruptive,1051500,22,-427.55953815460487,0,1
non_disruptive,1051500,23,-426.55587726691806,0,1
non_disruptive,1051500,24,-425.55221637923114,0,1
non_disruptive,1051500,25,-424.54855549154433,0,1
non_disruptive,1051500,26,-423.5448946038574,0,1
non_disruptive,1051500,27,-422.5412337161706,0,1
non_disruptive,1051500,28,-421.5375728284837,0,1
non_disruptive,1051500,29,-420.5339119407969,0,1
non_disruptive,1051500,30,-419.53025105310996,0,1
non_disruptive,1051500,31,-418.5265901654231,0,1
non_disruptive,1051500,32,-417.52292927773624,0,1
non_disruptive,1051500,33,-416.5192683900494,0,1
non_disruptive,1051500,34,-415.5156075023625,0,1
non_disruptive,1051500,35,-414.51194661467565,0,1
non_disruptive,1051500,36,-413.5082857269888,0,1
non_disruptive,1051500,37,-412.5046248393019,0,1
non_disruptive,1051500,38,-411.50096395161506,0,1
non_disruptive,1051500,39,-410.4973030639282,0,1
non_disruptive,1051500,40,-409.49364217624134,0,1
non_disruptive,1051500,41,-408.4899812885544,0,1
non_disruptive,1051500,42,-407.4863204008676,0,1
non_disruptive,1051500,43,-406.4826595131807,0,1
non_disruptive,1051500,44,-405.4789986254939,0,1
non_disruptive,1051500,45,-404.47533773780697,0,1
non_disruptive,1051500,46,-403.4716768501201,0,1
non_disruptive,1051500,47,-402.46801596243324,0,1
non_disruptive,1051500,48,-401.4643550747464,0,1
non_disruptive,1051500,49,-400.4606941870595,0,1
non_disruptive,1051500,50,-399.45703329937265,0,1
non_disruptive,1051500,51,-398.4533724116858,0,1
non_disruptive,1051500,52,-397.44971152399893,0,1
non_disruptive,1051500,53,-396.44605063631207,0,1
non_disruptive,1051500,54,-395.4423897486252,0,1
non_disruptive,1051500,55,-394.43872886093834,0,1
non_disruptive,1051500,56,-393.4350679732515,0,1
non_disruptive,1051500,57,-392.4314070855646,0,1
non_disruptive,1051500,58,-391.4277461978777,0,1
non_disruptive,1051500,59,-390.4240853101909,0,1
non_disruptive,1051500,60,-389.42042442250397,0,1
non_disruptive,1051500,61,-388.41676353481716,0,1
non_disruptive,1051500,62,-387.41310264713024,0,1
non_disruptive,1051500,63,-386.4094417594434,0,1
non_disruptive,1051500,64,-385.4057808717565,0,1
non_disruptive,1051500,65,-384.40211998406966,0,1
non_disruptive,1051500,66,-383.3984590963828,0,1
non_disruptive,1051500,67,-382.39479820869593,0,1
non_disruptive,1051500,68,-381.39113732100907,0,1
non_disruptive,1051500,69,-380.3874764333222,0,1
non_disruptive,1051500,70,-379.38381554563534,0,1
non_disruptive,1051500,71,-378.3801546579485,0,1
non_disruptive,1051500,72,-377.3764937702616,0,1
non_disruptive,1051500,73,-376.37283288257476,0,1
non_disruptive,1051500,74,-375.3691719948879,0,1
non_disruptive,1051500,75,-374.365511107201,0,1
non_disruptive,1051500,76,-373.36185021951417,0,1
non_disruptive,1051500,77,-372.35818933182725,0,1
non_disruptive,1051500,78,-371.35452844414044,0,1
non_disruptive,1051500,79,-370.3508675564535,0,1
non_disruptive,1051500,80,-369.34720666876666,0,1
non_disruptive,1051500,81,-368.3435457810798,0,1
non_disruptive,1051500,82,-367.33988489339293,0,1
non_disruptive,1051500,83,-366.3362240057061,0,1
non_disruptive,1051500,84,-365.3325631180192,0,1
non_disruptive,1051500,85,-364.32890223033235,0,1
non_disruptive,1051500,86,-363.3252413426455,0,1
non_disruptive,1051500,87,-362.3215804549586,0,1
non_disruptive,1051500,88,-361.31791956727176,0,1
non_disruptive,1051500,89,-360.3142586795849,0,1
non_disruptive,1051500,90,-359.31059779189803,0,1
non_disruptive,1051500,91,-358.30693690421117,0,1
non_disruptive,1051500,92,-357.30327601652425,0,1
non_disruptive,1051500,93,-356.29961512883744,0,1
non_disruptive,1051500,94,-355.2959542411505,0,1
non_disruptive,1051500,95,-354.2922933534637,0,1
non_disruptive,1051500,96,-353.2886324657768,0,1
non_disruptive,1051500,97,-352.28497157808994,0,1
non_disruptive,1051500,98,-351.2813106904031,0,1
non_disruptive,1051500,99,-350.2776498027162,0,1
non_disruptive,1051500,100,-349.27398891502935,0,1
non_disruptive,1051500,101,-348.2703280273425,0,1
non_disruptive,1051500,102,-347.2666671396556,0,1
non_disruptive,1051500,103,-346.26300625196876,0,1
non_disruptive,1051500,104,-345.2593453642819,0,1
non_disruptive,1051500,105,-344.25568447659504,0,1
non_disruptive,1051500,106,-343.2520235889082,0,1
non_disruptive,1051500,107,-342.2483627012213,0,1
non_disruptive,1051500,108,-341.24470181353445,0,1
non_disruptive,1051500,109,-340.2410409258475,0,1
non_disruptive,1051500,110,-339.2373800381607,0,1
non_disruptive,1051500,111,-338.2337191504738,0,1
non_disruptive,1051500,112,-337.230058262787,0,1
non_disruptive,1051500,113,-336.2263973751001,0,1
non_disruptive,1051500,114,-335.2227364874132,0,1
non_disruptive,1051500,115,-334.21907559972635,0,1
non_disruptive,1051500,116,-333.2154147120395,0,1
non_disruptive,1051500,117,-332.2117538243526,0,1
non_disruptive,1051500,118,-331.20809293666576,0,1
non_disruptive,1051500,119,-330.2044320489789,0,1
non_disruptive,1051500,120,-329.20077116129204,0,1
non_disruptive,1051500,121,-328.1971102736052,0,1
non_disruptive,1051500,122,-327.1934493859183,0,1
non_disruptive,1051500,123,-326.18978849823145,0,1
non_disruptive,1051500,124,-325.1861276105446,0,1
non_disruptive,1051500,125,-324.1824667228577,0,1
non_disruptive,1051500,126,-323.1788058351708,0,1
non_disruptive,1051500,127,-322.175144947484,0,1
non_disruptive,1051500,128,-321.1714840597971,0,1
non_disruptive,1051500,129,-320.1678231721103,0,1
non_disruptive,1051500,130,-319.16416228442336,0,1
non_disruptive,1051500,131,-318.16050139673655,0,1
non_disruptive,1051500,132,-317.15684050904963,0,1
non_disruptive,1051500,133,-316.15317962136277,0,1
non_disruptive,1051500,134,-315.1495187336759,0,1
non_disruptive,1051500,135,-314.14585784598904,0,1
non_disruptive,1051500,136,-313.1421969583022,0,1
non_disruptive,1051500,137,-312.1385360706153,0,1
non_disruptive,1051500,138,-311.13487518292845,0,1
non_disruptive,1051500,139,-310.1312142952416,0,1
non_disruptive,1051500,140,-309.12755340755473,0,1
non_disruptive,1051500,141,-308.1238925198678,0,1
non_disruptive,1051500,142,-307.120231632181,0,1
non_disruptive,1051500,143,-306.1165707444941,0,1
non_disruptive,1051500,144,-305.1129098568073,0,1
non_disruptive,1051500,145,-304.10924896912036,0,1
non_disruptive,1051500,146,-303.10558808143355,0,1
non_disruptive,1051500,147,-302.10192719374663,0,1
non_disruptive,1051500,148,-301.0982663060598,0,1
non_disruptive,1051500,149,-300.0946054183729,0,1
non_disruptive,1051500,150,-299.09094453068604,0,1
non_disruptive,1051500,151,-298.0872836429992,0,1
non_disruptive,1051500,152,-297.0836227553123,0,1
non_disruptive,1051500,153,-296.07996186762546,0,1
non_disruptive,1051500,154,-295.0763009799386,0,1
non_disruptive,1051500,155,-294.07264009225173,0,1
non_disruptive,1051500,156,-293.06897920456487,0,1
non_disruptive,1051500,157,-292.065318316878,0,1
non_disruptive,1051500,158,-291.0616574291911,0,1
non_disruptive,1051500,159,-290.0579965415043,0,1
non_disruptive,1051500,160,-289.05433565381736,0,1
non_disruptive,1051500,161,-288.05067476613056,0,1
non_disruptive,1051500,162,-287.04701387844364,0,1
non_disruptive,1051500,163,-286.04335299075683,0,1
non_disruptive,1051500,164,-285.0396921030699,0,1
non_disruptive,1051500,165,-284.0360312153831,0,1
non_disruptive,1051500,166,-283.0323703276962,0,1
non_disruptive,1051500,167,-282.0287094400093,0,1
non_disruptive,1051500,168,-281.02504855232246,0,1
non_disruptive,1051500,169,-280.0213876646356,0,1
non_disruptive,1051500,170,-279.01772677694873,0,1
non_disruptive,1051500,171,-278.0140658892619,0,1
non_disruptive,1051500,172,-277.010405001575,0,1
non_disruptive,1051500,173,-276.00674411388815,0,1
non_disruptive,1051500,174,-275.0030832262013,0,1
non_disruptive,1051500,175,-273.99942233851436,0,1
non_disruptive,1051500,176,-272.99576145082756,0,1
non_disruptive,1051500,177,-271.99210056314064,0,1
non_disruptive,1051500,178,-270.98843967545383,0,1
non_disruptive,1051500,179,-269.9847787877669,0,1
non_disruptive,1051500,180,-268.9811179000801,0,1
non_disruptive,1051500,181,-267.9774570123932,0,1
non_disruptive,1051500,182,-266.9737961247064,0,1
non_disruptive,1051500,183,-265.97013523701946,0,1
non_disruptive,1051500,184,-264.9664743493326,0,1
non_disruptive,1051500,185,-263.96281346164574,0,1
non_disruptive,1051500,186,-262.9591525739589,0,1
non_disruptive,1051500,187,-261.955491686272,0,1
non_disruptive,1051500,188,-260.95183079858515,0,1
non_disruptive,1051500,189,-259.9481699108983,0,1
non_disruptive,1051500,190,-258.9445090232114,0,1
non_disruptive,1051500,191,-257.94084813552456,0,1
non_disruptive,1051500,192,-256.9371872478377,0,1
non_disruptive,1051500,193,-255.93352636015084,0,1
non_disruptive,1051500,194,-254.92986547246392,0,1
non_disruptive,1051500,195,-253.9262045847771,0,1
non_disruptive,1051500,196,-252.9225436970902,0,1
non_disruptive,1051500,197,-251.91888280940339,0,1
non_disruptive,1051500,198,-250.91522192171647,0,1
non_disruptive,1051500,199,-249.91156103402966,0,1
non_disruptive,1051500,200,-248.90790014634274,0,1
non_disruptive,1051500,201,-247.90423925865588,0,1
non_disruptive,1051500,202,-246.90057837096901,0,1
non_disruptive,1051500,203,-245.89691748328215,0,1
non_disruptive,1051500,204,-244.8932565955953,0,1
non_disruptive,1051500,205,-243.88959570790843,0,1
non_disruptive,1051500,206,-242.88593482022156,0,1
non_disruptive,1051500,207,-241.8822739325347,0,1
non_disruptive,1051500,208,-240.87861304484784,0,1
non_disruptive,1051500,209,-239.87495215716098,0,1
non_disruptive,1051500,210,-238.8712912694741,0,1
non_disruptive,1051500,211,-237.8676303817872,0,1
non_disruptive,1051500,212,-236.8639694941004,0,1
non_disruptive,1051500,213,-235.86030860641347,0,1
non_disruptive,1051500,214,-234.85664771872666,0,1
non_disruptive,1051500,215,-233.85298683103974,0,1
non_disruptive,1051500,216,-232.84932594335294,0,1
non_disruptive,1051500,217,-231.84566505566602,0,1
non_disruptive,1051500,218,-230.84200416797916,0,1
non_disruptive,1051500,219,-229.8383432802923,0,1
non_disruptive,1051500,220,-228.83468239260543,0,1
non_disruptive,1051500,221,-227.83102150491857,0,1
non_disruptive,1051500,222,-226.8273606172317,0,1
non_disruptive,1051500,223,-225.82369972954484,0,1
non_disruptive,1051500,224,-224.82003884185798,0,1
non_disruptive,1051500,225,-223.81637795417112,0,1
non_disruptive,1051500,226,-222.81271706648425,0,1
non_disruptive,1051500,227,-221.8090561787974,0,1
non_disruptive,1051500,228,-220.80539529111047,0,1
non_disruptive,1051500,229,-219.80173440342367,0,1
non_disruptive,1051500,230,-218.79807351573675,0,1
non_disruptive,1051500,231,-217.79441262804994,0,1
non_disruptive,1051500,232,-216.79075174036302,0,1
non_disruptive,1051500,233,-215.78709085267622,0,1
non_disruptive,1051500,234,-214.7834299649893,0,1
non_disruptive,1051500,235,-213.77976907730243,0,1
non_disruptive,1051500,236,-212.77610818961557,0,1
non_disruptive,1051500,237,-211.7724473019287,0,1
non_disruptive,1051500,238,-210.76878641424184,0,1
non_disruptive,1051500,239,-209.76512552655498,0,1
non_disruptive,1051500,240,-208.76146463886812,0,1
non_disruptive,1051500,241,-207.75780375118126,0,1
non_disruptive,1051500,242,-206.7541428634944,0,1
non_disruptive,1051500,243,-205.75048197580753,0,1
non_disruptive,1051500,244,-204.74682108812067,0,1
non_disruptive,1051500,245,-203.74316020043375,0,1
non_disruptive,1051500,246,-202.73949931274694,0,1
non_disruptive,1051500,247,-201.73583842506002,0,1
non_disruptive,1051500,248,-200.73217753737322,0,1
non_disruptive,1051500,249,-199.7285166496863,0,1
non_disruptive,1051500,250,-198.7248557619995,0,1
non_disruptive,1051500,251,-197.72119487431257,0,1
non_disruptive,1051500,252,-196.7175339866257,0,1
non_disruptive,1051500,253,-195.71387309893885,0,1
non_disruptive,1051500,254,-194.71021221125199,0,1
non_disruptive,1051500,255,-193.70655132356512,0,1
non_disruptive,1051500,256,-192.70289043587826,0,1
non_disruptive,1051500,257,-191.6992295481914,0,1
non_disruptive,1051500,258,-190.69556866050453,0,1
non_disruptive,1051500,259,-189.69190777281767,0,1
non_disruptive,1051500,260,-188.6882468851308,0,1
non_disruptive,1051500,261,-187.68458599744395,0,1
non_disruptive,1051500,262,-186.68092510975708,0,1
non_disruptive,1051500,263,-185.67726422207022,0,1
non_disruptive,1051500,264,-184.67360333438336,0,1
non_disruptive,1051500,265,-183.66994244669644,0,1
non_disruptive,1051500,266,-182.66628155900958,0,1
non_disruptive,1051500,267,-181.6626206713227,0,1
non_disruptive,1051500,268,-180.65895978363585,0,1
non_disruptive,1051500,269,-179.655298895949,0,1
non_disruptive,1051500,270,-178.65163800826213,0,1
non_disruptive,1051500,271,-177.64797712057526,0,1
non_disruptive,1051500,272,-176.6443162328884,0,1
non_disruptive,1051500,273,-175.64065534520154,0,1
non_disruptive,1051500,274,-174.63699445751467,0,1
non_disruptive,1051500,275,-173.6333335698278,0,1
non_disruptive,1051500,276,-172.62967268214095,0,1
non_disruptive,1051500,277,-171.6260117944541,0,1
non_disruptive,1051500,278,-170.62235090676722,0,1
non_disruptive,1051500,279,-169.61869001908036,0,1
non_disruptive,1051500,280,-168.6150291313935,0,1
non_disruptive,1051500,281,-167.61136824370664,0,1
non_disruptive,1051500,282,-166.60770735601972,0,1
non_disruptive,1051500,283,-165.60404646833285,0,1
non_disruptive,1051500,284,-164.600385580646,0,1
non_disruptive,1051500,285,-163.59672469295913,0,1
non_disruptive,1051500,286,-162.59306380527227,0,1
non_disruptive,1051500,287,-161.5894029175854,0,1
non_disruptive,1051500,288,-160.58574202989854,0,1
non_disruptive,1051500,289,-159.58208114221168,0,1
non_disruptive,1051500,290,-158.57842025452481,0,1
non_disruptive,1051500,291,-157.57475936683795,0,1
non_disruptive,1051500,292,-156.5710984791511,0,1
non_disruptive,1051500,293,-155.56743759146423,0,1
non_disruptive,1051500,294,-154.56377670377736,0,1
non_disruptive,1051500,295,-153.5601158160905,0,1
non_disruptive,1051500,296,-152.55645492840364,0,1
non_disruptive,1051500,297,-151.55279404071678,0,1
non_disruptive,1051500,298,-150.5491331530299,0,1
non_disruptive,1051500,299,-149.545472265343,0,1
non_disruptive,1051500,300,-148.54181137765613,0,1
non_disruptive,1051500,301,-147.53815048996927,0,1
non_disruptive,1051500,302,-146.5344896022824,0,1
non_disruptive,1051500,303,-145.53082871459554,0,1
non_disruptive,1051500,304,-144.52716782690868,0,1
non_disruptive,1051500,305,-143.52350693922182,0,1
non_disruptive,1051500,306,-142.51984605153496,0,1
non_disruptive,1051500,307,-141.5161851638481,0,1
non_disruptive,1051500,308,-140.51252427616123,0,1
non_disruptive,1051500,309,-139.50886338847437,0,1
non_disruptive,1051500,310,-138.5052025007875,0,1
non_disruptive,1051500,311,-137.50154161310064,0,1
non_disruptive,1051500,312,-136.49788072541378,0,1
non_disruptive,1051500,313,-135.49421983772692,0,1
non_disruptive,1051500,314,-134.49055895004005,0,1
non_disruptive,1051500,315,-133.4868980623532,0,1
non_disruptive,1051500,316,-132.48323717466627,0,1
non_disruptive,1051500,317,-131.4795762869794,0,1
non_disruptive,1051500,318,-130.47591539929255,0,1
non_disruptive,1051500,319,-129.47225451160568,0,1
non_disruptive,1051500,320,-128.46859362391882,0,1
non_disruptive,1051500,321,-127.46493273623196,0,1
non_disruptive,1051500,322,-126.4612718485451,0,1
non_disruptive,1051500,323,-125.45761096085823,0,1
non_disruptive,1051500,324,-124.45395007317137,0,1
non_disruptive,1051500,325,-123.45028918548451,0,1
non_disruptive,1051500,326,-122.44662829779764,0,1
non_disruptive,1051500,327,-121.44296741011078,0,1
non_disruptive,1051500,328,-120.43930652242392,0,1
non_disruptive,1051500,329,-119.43564563473706,0,1
non_disruptive,1051500,330,-118.4319847470502,0,1
non_disruptive,1051500,331,-117.42832385936333,0,1
non_disruptive,1051500,332,-116.42466297167647,0,1
non_disruptive,1051500,333,-115.42100208398955,0,1
non_disruptive,1051500,334,-114.41734119630269,0,1
non_disruptive,1051500,335,-113.41368030861582,0,1
non_disruptive,1051500,336,-112.41001942092896,0,1
non_disruptive,1051500,337,-111.4063585332421,0,1
non_disruptive,1051500,338,-110.40269764555524,0,1
non_disruptive,1051500,339,-109.39903675786837,0,1
non_disruptive,1051500,340,-108.39537587018151,0,1
non_disruptive,1051500,341,-107.39171498249465,0,1
non_disruptive,1051500,342,-106.38805409480779,0,1
non_disruptive,1051500,343,-105.38439320712092,0,1
non_disruptive,1051500,344,-104.38073231943406,0,1
non_disruptive,1051500,345,-103.3770714317472,0,1
non_disruptive,1051500,346,-102.37341054406033,0,1
non_disruptive,1051500,347,-101.36974965637347,0,1
non_disruptive,1051500,348,-100.36608876868661,0,1
non_disruptive,1051500,349,-99.36242788099975,0,1
non_disruptive,1051500,350,-98.35876699331283,0,1
non_disruptive,1051500,351,-97.35510610562596,0,1
non_disruptive,1051500,352,-96.3514452179391,0,1
non_disruptive,1051500,353,-95.34778433025224,0,1
non_disruptive,1051500,354,-94.34412344256538,0,1
non_disruptive,1051500,355,-93.34046255487851,0,1
non_disruptive,1051500,356,-92.33680166719165,0,1
non_disruptive,1051500,357,-91.33314077950479,0,1
non_disruptive,1051500,358,-90.32947989181793,0,1
non_disruptive,1051500,359,-89.32581900413106,0,1
non_disruptive,1051500,360,-88.3221581164442,0,1
non_disruptive,1051500,361,-87.31849722875734,0,1
non_disruptive,1051500,362,-86.31483634107042,0,1
non_disruptive,1051500,363,-85.31117545338361,0,1
non_disruptive,1051500,364,-84.3075145656968,0,1
non_disruptive,1051500,365,-83.30385367800989,0,1
non_disruptive,1051500,366,-82.30019279032297,0,1
non_disruptive,1051500,367,-81.29653190263605,0,1
non_disruptive,1051500,368,-80.29287101494924,0,1
non_disruptive,1051500,369,-79.28921012726244,0,1
non_disruptive,1051500,370,-78.28554923957552,0,1
non_disruptive,1051500,371,-77.2818883518886,0,1
non_disruptive,1051500,372,-76.27822746420179,0,1
non_disruptive,1051500,373,-75.27456657651499,0,1
non_disruptive,1051500,374,-74.27090568882807,0,1
non_disruptive,1051500,375,-73.26724480114115,0,1
non_disruptive,1051500,376,-72.26358391345434,0,1
non_disruptive,1051500,377,-71.25992302576753,0,1
non_disruptive,1051500,378,-70.25626213808061,0,1
non_disruptive,1051500,379,-69.2526012503937,0,1
non_disruptive,1051500,380,-68.24894036270689,0,1
non_disruptive,1051500,381,-67.24527947502008,0,1
non_disruptive,1051500,382,-66.24161858733316,0,1
non_disruptive,1051500,383,-65.23795769964624,0,1
non_disruptive,1051500,384,-64.23429681195944,0,1
non_disruptive,1051500,385,-63.23063592427252,0,1
non_disruptive,1051500,386,-62.22697503658571,0,1
non_disruptive,1051500,387,-61.223314148898794,0,1
non_disruptive,1051500,388,-60.219653261211874,0,1
non_disruptive,1051500,389,-59.21599237352507,0,1
non_disruptive,1051500,390,-58.21233148583826,0,1
non_disruptive,1051500,391,-57.20867059815134,0,1
non_disruptive,1051500,392,-56.205009710464424,0,1
non_disruptive,1051500,393,-55.20134882277762,0,1
non_disruptive,1051500,394,-54.19768793509081,0,1
non_disruptive,1051500,395,-53.19402704740389,0,1
non_disruptive,1051500,396,-52.19036615971697,0,1
non_disruptive,1051500,397,-51.18670527203017,0,1
non_disruptive,1051500,398,-50.18304438434336,0,1
non_disruptive,1051500,399,-49.17938349665644,0,1
non_disruptive,1051500,400,-48.17572260896952,0,1
non_disruptive,1051500,401,-47.17206172128272,0,1
non_disruptive,1051500,402,-46.1684008335958,0,1
non_disruptive,1051500,403,-45.16473994590899,0,1
non_disruptive,1051500,404,-44.16107905822207,0,1
non_disruptive,1051500,405,-43.15741817053515,0,1
non_disruptive,1051500,406,-42.153757282848346,0,1
non_disruptive,1051500,407,-41.15009639516154,0,1
non_disruptive,1051500,408,-40.14643550747462,0,1
non_disruptive,1051500,409,-39.1427746197877,0,1
non_disruptive,1051500,410,-38.139113732100896,0,1
non_disruptive,1051500,411,-37.13545284441409,0,1
non_disruptive,1051500,412,-36.13179195672717,0,1
non_disruptive,1051500,413,-35.12813106904025,0,1
non_disruptive,1051500,414,-34.124470181353445,0,1
non_disruptive,1051500,415,-33.12080929366664,0,1
non_disruptive,1051500,416,-32.11714840597972,0,1
non_disruptive,1051500,417,-31.1134875182928,0,1
non_disruptive,1051500,418,-30.109826630605994,0,1
non_disruptive,1051500,419,-29.106165742919075,0,1
non_disruptive,1051500,420,-28.10250485523227,0,1
non_disruptive,1051500,421,-27.09884396754535,0,1
non_disruptive,1051500,422,-26.09518307985843,0,1
non_disruptive,1051500,423,-25.091522192171624,0,1
non_disruptive,1051500,424,-24.087861304484818,0,1
non_disruptive,1051500,425,-23.0842004167979,0,1
non_disruptive,1051500,426,-22.08053952911098,0,1
non_disruptive,1051500,427,-21.076878641424173,0,1
non_disruptive,1051500,428,-20.073217753737367,0,1
non_disruptive,1051500,429,-19.069556866050448,0,1
non_disruptive,1051500,430,-18.06589597836353,0,1
non_disruptive,1051500,431,-17.062235090676722,0,1
non_disruptive,1051500,432,-16.058574202989917,0,1
non_disruptive,1051500,433,-15.054913315302997,0,1
non_disruptive,1051500,434,-14.051252427616078,0,1
non_disruptive,1051500,435,-13.047591539929272,0,1
non_disruptive,1051500,436,-12.043930652242352,0,1
non_disruptive,1051500,437,-11.040269764555546,0,1
non_disruptive,1051500,438,-10.036608876868627,0,1
non_disruptive,1051500,439,-9.032947989181707,0,1
non_disruptive,1051500,440,-8.029287101494901,0,1
non_disruptive,1051500,441,-7.025626213808096,0,1
non_disruptive,1051500,442,-6.021965326121176,0,1
non_disruptive,1051500,443,-5.0183044384342566,0,1
non_disruptive,1051500,444,-4.014643550747451,0,1
non_disruptive,1051500,445,-3.010982663060645,0,1
non_disruptive,1051500,446,-2.0073217753737254,0,1
non_disruptive,1051500,447,-1.0036608876868058,0,1
non_disruptive,1051500,448,0.0,0,1
