time_index,time_s,prob_disrupt,streak,pred_disruptive,triggered,trigger_index,trigger_time_s
0,0.0,0.4709230065345764,0,0,0,-1,
1,0.001,0.45807787775993347,0,0,0,-1,
2,0.002,0.4467104375362396,0,0,0,-1,
3,0.003,0.43744227290153503,0,0,0,-1,
4,0.004,0.4304068088531494,0,0,0,-1,
5,0.005,0.4247177243232727,0,0,0,-1,
6,0.006,0.4199613034725189,0,0,0,-1,
7,0.007,0.41629838943481445,0,0,0,-1,
8,0.008,0.4131796658039093,0,0,0,-1,
9,0.009000000000000001,0.4114362895488739,0,0,0,-1,
10,0.01,0.41062530875205994,0,0,0,-1,
11,0.011,0.41050735116004944,0,0,0,-1,
12,0.012,0.4110082685947418,0,0,0,-1,
13,0.013000000000000001,0.41198843717575073,0,0,0,-1,
14,0.014,0.4129786789417267,0,0,0,-1,
15,0.015,0.4138668179512024,0,0,0,-1,
16,0.016,0.4152347147464752,0,0,0,-1,
17,0.017,0.4169296622276306,0,0,0,-1,
18,0.018000000000000002,0.4187602996826172,0,0,0,-1,
19,0.019,0.42075300216674805,0,0,0,-1,
20,0.02,0.42249342799186707,0,0,0,-1,
21,0.021,0.42348501086235046,0,0,0,-1,
22,0.022,0.42387694120407104,0,0,0,-1,
23,0.023,0.4240705072879791,0,0,0,-1,
24,0.024,0.4239722490310669,0,0,0,-1,
25,0.025,0.4232950508594513,0,0,0,-1,
26,0.026000000000000002,0.4219898581504822,0,0,0,-1,
27,0.027,0.42073264718055725,0,0,0,-1,
28,0.028,0.419161856174469,0,0,0,-1,
29,0.029,0.41744986176490784,0,0,0,-1,
30,0.03,0.41588401794433594,0,0,0,-1,
31,0.031,0.4145391285419464,0,0,0,-1,
32,0.032,0.41336044669151306,0,0,0,-1,
33,0.033,0.41229817271232605,0,0,0,-1,
34,0.034,0.4105054438114166,0,0,0,-1,
35,0.035,0.40851035714149475,0,0,0,-1,
36,0.036000000000000004,0.4065124988555908,0,0,0,-1,
37,0.037,0.40464523434638977,0,0,0,-1,
38,0.038,0.4031514525413513,0,0,0,-1,
39,0.039,0.4019656479358673,0,0,0,-1,
40,0.04,0.4006294906139374,0,0,0,-1,
41,0.041,0.39947250485420227,0,0,0,-1,
42,0.042,0.397976815700531,0,0,0,-1,
43,0.043000000000000003,0.39687997102737427,0,0,0,-1,
44,0.044,0.3963991403579712,0,0,0,-1,
45,0.045,0.3959442973136902,0,0,0,-1,
46,0.046,0.3954257667064667,0,0,0,-1,
47,0.047,0.3946811258792877,0,0,0,-1,
48,0.048,0.39375633001327515,0,0,0,-1,
49,0.049,0.39272716641426086,0,0,0,-1,
50,0.05,0.3920433819293976,0,0,0,-1,
51,0.051000000000000004,0.3916008770465851,0,0,0,-1,
52,0.052000000000000005,0.39121612906455994,0,0,0,-1,
53,0.053,0.3908030092716217,0,0,0,-1,
54,0.054,0.39018240571022034,0,0,0,-1,
55,0.055,0.38941630721092224,0,0,0,-1,
56,0.056,0.38840025663375854,0,0,0,-1,
57,0.057,0.38746243715286255,0,0,0,-1,
58,0.058,0.3867699205875397,0,0,0,-1,
59,0.059000000000000004,0.38572385907173157,0,0,0,-1,
60,0.06,0.38467514514923096,0,0,0,-1,
61,0.061,0.38382193446159363,0,0,0,-1,
62,0.062,0.3833101689815521,0,0,0,-1,
63,0.063,0.3829887807369232,0,0,0,-1,
64,0.064,0.3829314410686493,0,0,0,-1,
65,0.065,0.38324663043022156,0,0,0,-1,
66,0.066,0.3834996223449707,0,0,0,-1,
67,0.067,0.38373029232025146,0,0,0,-1,
68,0.068,0.383771151304245,0,0,0,-1,
69,0.069,0.38395607471466064,0,0,0,-1,
70,0.07,0.3844814896583557,0,0,0,-1,
71,0.07100000000000001,0.3850184381008148,0,0,0,-1,
72,0.07200000000000001,0.3856355845928192,0,0,0,-1,
73,0.073,0.38627082109451294,0,0,0,-1,
74,0.074,0.38668546080589294,0,0,0,-1,
75,0.075,0.38732239603996277,0,0,0,-1,
76,0.076,0.3881737291812897,0,0,0,-1,
77,0.077,0.38906988501548767,0,0,0,-1,
78,0.078,0.3903249502182007,0,0,0,-1,
79,0.079,0.39116644859313965,0,0,0,-1,
80,0.08,0.3918907344341278,0,0,0,-1,
81,0.081,0.39265719056129456,0,0,0,-1,
82,0.082,0.3932374119758606,0,0,0,-1,
83,0.083,0.3939245045185089,0,0,0,-1,
84,0.084,0.3946217894554138,0,0,0,-1,
85,0.085,0.3953450918197632,0,0,0,-1,
86,0.08600000000000001,0.3957687318325043,0,0,0,-1,
87,0.08700000000000001,0.39617252349853516,0,0,0,-1,
88,0.088,0.39634034037590027,0,0,0,-1,
89,0.089,0.39656734466552734,0,0,0,-1,
90,0.09,0.39697468280792236,0,0,0,-1,
91,0.091,0.39732468128204346,0,0,0,-1,
92,0.092,0.39790043234825134,0,0,0,-1,
93,0.093,0.3984964191913605,0,0,0,-1,
94,0.094,0.39893093705177307,0,0,0,-1,
95,0.095,0.39946749806404114,0,0,0,-1,
96,0.096,0.4001215696334839,0,0,0,-1,
97,0.097,0.40102049708366394,0,0,0,-1,
98,0.098,0.4023669362068176,0,0,0,-1,
99,0.099,0.4031350314617157,0,0,0,-1,
100,0.1,0.4038116931915283,0,0,0,-1,
101,0.101,0.40427377820014954,0,0,0,-1,
102,0.10200000000000001,0.4045678675174713,0,0,0,-1,
103,0.10300000000000001,0.4045945703983307,0,0,0,-1,
104,0.10400000000000001,0.4047766625881195,0,0,0,-1,
105,0.105,0.4049762785434723,0,0,0,-1,
106,0.106,0.40479668974876404,0,0,0,-1,
107,0.107,0.40432944893836975,0,0,0,-1,
108,0.108,0.40339815616607666,0,0,0,-1,
109,0.109,0.4027518928050995,0,0,0,-1,
110,0.11,0.4024360179901123,0,0,0,-1,
111,0.111,0.4020480513572693,0,0,0,-1,
112,0.112,0.4017128646373749,0,0,0,-1,
113,0.113,0.40137210488319397,0,0,0,-1,
114,0.114,0.4008146822452545,0,0,0,-1,
115,0.115,0.40034812688827515,0,0,0,-1,
116,0.116,0.4002338945865631,0,0,0,-1,
117,0.117,0.4000125229358673,0,0,0,-1,
118,0.11800000000000001,0.4001202881336212,0,0,0,-1,
119,0.11900000000000001,0.399482399225235,0,0,0,-1,
120,0.12,0.398972749710083,0,0,0,-1,
121,0.121,0.3987042307853699,0,0,0,-1,
122,0.122,0.3984520733356476,0,0,0,-1,
123,0.123,0.39830735325813293,0,0,0,-1,
124,0.124,0.39824190735816956,0,0,0,-1,
125,0.125,0.39821523427963257,0,0,0,-1,
126,0.126,0.3981263041496277,0,0,0,-1,
127,0.127,0.3980177640914917,0,0,0,-1,
128,0.128,0.39801520109176636,0,0,0,-1,
129,0.129,0.3981849253177643,0,0,0,-1,
130,0.13,0.39876624941825867,0,0,0,-1,
131,0.131,0.3989799916744232,0,0,0,-1,
132,0.132,0.3991878926753998,0,0,0,-1,
133,0.133,0.39932993054389954,0,0,0,-1,
134,0.134,0.3990932106971741,0,0,0,-1,
135,0.135,0.39890873432159424,0,0,0,-1,
136,0.136,0.3989401161670685,0,0,0,-1,
137,0.137,0.3989678919315338,0,0,0,-1,
138,0.138,0.39941951632499695,0,0,0,-1,
139,0.139,0.3995659649372101,0,0,0,-1,
140,0.14,0.39970412850379944,0,0,0,-1,
141,0.14100000000000001,0.3999136686325073,0,0,0,-1,
142,0.14200000000000002,0.3999885618686676,0,0,0,-1,
143,0.14300000000000002,0.4002670645713806,0,0,0,-1,
144,0.14400000000000002,0.40058404207229614,0,0,0,-1,
145,0.145,0.4008113443851471,0,0,0,-1,
146,0.146,0.40073147416114807,0,0,0,-1,
147,0.147,0.40060651302337646,0,0,0,-1,
148,0.148,0.40037801861763,0,0,0,-1,
149,0.149,0.4002186357975006,0,0,0,-1,
150,0.15,0.4005044102668762,0,0,0,-1,
151,0.151,0.4007304012775421,0,0,0,-1,
152,0.152,0.4011017382144928,0,0,0,-1,
153,0.153,0.40130898356437683,0,0,0,-1,
154,0.154,0.4012547731399536,0,0,0,-1,
155,0.155,0.40107035636901855,0,0,0,-1,
156,0.156,0.4013572931289673,0,0,0,-1,
157,0.157,0.4017733335494995,0,0,0,-1,
158,0.158,0.4024907648563385,0,0,0,-1,
159,0.159,0.4028973877429962,0,0,0,-1,
160,0.16,0.4029727578163147,0,0,0,-1,
161,0.161,0.40295183658599854,0,0,0,-1,
162,0.162,0.40303316712379456,0,0,0,-1,
163,0.163,0.4033218324184418,0,0,0,-1,
164,0.164,0.4038070738315582,0,0,0,-1,
165,0.165,0.40448203682899475,0,0,0,-1,
166,0.166,0.4047583043575287,0,0,0,-1,
167,0.167,0.40445074439048767,0,0,0,-1,
168,0.168,0.4035506844520569,0,0,0,-1,
169,0.169,0.4028379023075104,0,0,0,-1,
170,0.17,0.4023926854133606,0,0,0,-1,
171,0.171,0.40193459391593933,0,0,0,-1,
172,0.17200000000000001,0.40191778540611267,0,0,0,-1,
173,0.17300000000000001,0.402021586894989,0,0,0,-1,
174,0.17400000000000002,0.4021199345588684,0,0,0,-1,
175,0.17500000000000002,0.4023323953151703,0,0,0,-1,
176,0.176,0.4028181731700897,0,0,0,-1,
177,0.177,0.40351277589797974,0,0,0,-1,
178,0.178,0.4046235680580139,0,0,0,-1,
179,0.179,0.4054335355758667,0,0,0,-1,
180,0.18,0.4061654508113861,0,0,0,-1,
181,0.181,0.40652817487716675,0,0,0,-1,
182,0.182,0.4067893326282501,0,0,0,-1,
183,0.183,0.40705448389053345,0,0,0,-1,
184,0.184,0.4074341058731079,0,0,0,-1,
185,0.185,0.4080568253993988,0,0,0,-1,
186,0.186,0.40823277831077576,0,0,0,-1,
187,0.187,0.40833455324172974,0,0,0,-1,
188,0.188,0.4083760678768158,0,0,0,-1,
189,0.189,0.4081384241580963,0,0,0,-1,
190,0.19,0.4081766903400421,0,0,0,-1,
191,0.191,0.4079519510269165,0,0,0,-1,
192,0.192,0.4077952206134796,0,0,0,-1,
193,0.193,0.407360315322876,0,0,0,-1,
194,0.194,0.4066516160964966,0,0,0,-1,
195,0.195,0.4062497019767761,0,0,0,-1,
196,0.196,0.4060209095478058,0,0,0,-1,
197,0.197,0.40589576959609985,0,0,0,-1,
198,0.198,0.4061397910118103,0,0,0,-1,
199,0.199,0.4062002897262573,0,0,0,-1,
200,0.2,0.4061412215232849,0,0,0,-1,
201,0.201,0.4058409035205841,0,0,0,-1,
202,0.202,0.4053560197353363,0,0,0,-1,
203,0.203,0.4051145315170288,0,0,0,-1,
204,0.20400000000000001,0.4051848351955414,0,0,0,-1,
205,0.20500000000000002,0.4054489731788635,0,0,0,-1,
206,0.20600000000000002,0.4055882394313812,0,0,0,-1,
207,0.20700000000000002,0.405423104763031,0,0,0,-1,
208,0.20800000000000002,0.4046761393547058,0,0,0,-1,
209,0.209,0.4037805199623108,0,0,0,-1,
210,0.21,0.40317463874816895,0,0,0,-1,
211,0.211,0.4025351107120514,0,0,0,-1,
212,0.212,0.4021429121494293,0,0,0,-1,
213,0.213,0.4018596410751343,0,0,0,-1,
214,0.214,0.4013860821723938,0,0,0,-1,
215,0.215,0.4011930525302887,0,0,0,-1,
216,0.216,0.4012497067451477,0,0,0,-1,
217,0.217,0.401351660490036,0,0,0,-1,
218,0.218,0.4017377197742462,0,0,0,-1,
219,0.219,0.4019812047481537,0,0,0,-1,
220,0.22,0.402110755443573,0,0,0,-1,
221,0.221,0.4019138216972351,0,0,0,-1,
222,0.222,0.40162861347198486,0,0,0,-1,
223,0.223,0.40151089429855347,0,0,0,-1,
224,0.224,0.4016958177089691,0,0,0,-1,
225,0.225,0.40188977122306824,0,0,0,-1,
226,0.226,0.4017702639102936,0,0,0,-1,
227,0.227,0.40152671933174133,0,0,0,-1,
228,0.228,0.4011675715446472,0,0,0,-1,
229,0.229,0.4008680582046509,0,0,0,-1,
230,0.23,0.4009779691696167,0,0,0,-1,
231,0.231,0.4008272588253021,0,0,0,-1,
232,0.232,0.4008427560329437,0,0,0,-1,
233,0.233,0.40061694383621216,0,0,0,-1,
234,0.234,0.40025797486305237,0,0,0,-1,
235,0.23500000000000001,0.3999887704849243,0,0,0,-1,
236,0.23600000000000002,0.39999106526374817,0,0,0,-1,
237,0.23700000000000002,0.400229811668396,0,0,0,-1,
238,0.23800000000000002,0.4007628560066223,0,0,0,-1,
239,0.23900000000000002,0.401260107755661,0,0,0,-1,
240,0.24,0.40179944038391113,0,0,0,-1,
241,0.241,0.40226301550865173,0,0,0,-1,
242,0.242,0.40292784571647644,0,0,0,-1,
243,0.243,0.4034819006919861,0,0,0,-1,
244,0.244,0.4041621685028076,0,0,0,-1,
245,0.245,0.4049828052520752,0,0,0,-1,
246,0.246,0.40573787689208984,0,0,0,-1,
247,0.247,0.40650004148483276,0,0,0,-1,
248,0.248,0.40676483511924744,0,0,0,-1,
249,0.249,0.4069787263870239,0,0,0,-1,
250,0.25,0.40744057297706604,0,0,0,-1,
251,0.251,0.40781286358833313,0,0,0,-1,
252,0.252,0.40796732902526855,0,0,0,-1,
253,0.253,0.4076968729496002,0,0,0,-1,
254,0.254,0.40713998675346375,0,0,0,-1,
255,0.255,0.406637579202652,0,0,0,-1,
256,0.256,0.406094491481781,0,0,0,-1,
257,0.257,0.4056200385093689,0,0,0,-1,
258,0.258,0.40526461601257324,0,0,0,-1,
259,0.259,0.40477097034454346,0,0,0,-1,
260,0.26,0.40447890758514404,0,0,0,-1,
261,0.261,0.40441104769706726,0,0,0,-1,
262,0.262,0.40457388758659363,0,0,0,-1,
263,0.263,0.4046189486980438,0,0,0,-1,
264,0.264,0.40509456396102905,0,0,0,-1,
265,0.265,0.40555232763290405,0,0,0,-1,
266,0.266,0.4057827889919281,0,0,0,-1,
267,0.267,0.40614309906959534,0,0,0,-1,
268,0.268,0.4062950313091278,0,0,0,-1,
269,0.269,0.4069071114063263,0,0,0,-1,
270,0.27,0.4075058102607727,0,0,0,-1,
271,0.271,0.40790027379989624,0,0,0,-1,
272,0.272,0.4081190526485443,0,0,0,-1,
273,0.273,0.4081686735153198,0,0,0,-1,
274,0.274,0.40787678956985474,0,0,0,-1,
275,0.275,0.4075799286365509,0,0,0,-1,
276,0.276,0.4072307348251343,0,0,0,-1,
277,0.277,0.406782329082489,0,0,0,-1,
278,0.278,0.4065961241722107,0,0,0,-1,
279,0.279,0.4058998227119446,0,0,0,-1,
280,0.28,0.40536606311798096,0,0,0,-1,
281,0.281,0.40501096844673157,0,0,0,-1,
282,0.28200000000000003,0.4044265151023865,0,0,0,-1,
283,0.28300000000000003,0.4037659764289856,0,0,0,-1,
284,0.28400000000000003,0.40330642461776733,0,0,0,-1,
285,0.28500000000000003,0.402933806180954,0,0,0,-1,
286,0.28600000000000003,0.40244171023368835,0,0,0,-1,
287,0.28700000000000003,0.40195533633232117,0,0,0,-1,
288,0.28800000000000003,0.40130797028541565,0,0,0,-1,
289,0.289,0.4010312557220459,0,0,0,-1,
290,0.29,0.4008919894695282,0,0,0,-1,
291,0.291,0.40067750215530396,0,0,0,-1,
292,0.292,0.4006529152393341,0,0,0,-1,
293,0.293,0.40072205662727356,0,0,0,-1,
294,0.294,0.4004991352558136,0,0,0,-1,
295,0.295,0.40016332268714905,0,0,0,-1,
296,0.296,0.3998633325099945,0,0,0,-1,
297,0.297,0.3997464179992676,0,0,0,-1,
298,0.298,0.40011316537857056,0,0,0,-1,
299,0.299,0.4000818431377411,0,0,0,-1,
300,0.3,0.3998890221118927,0,0,0,-1,
301,0.301,0.3997150957584381,0,0,0,-1,
302,0.302,0.3995633125305176,0,0,0,-1,
303,0.303,0.39964842796325684,0,0,0,-1,
304,0.304,0.4000919461250305,0,0,0,-1,
305,0.305,0.4009503126144409,0,0,0,-1,
306,0.306,0.40168777108192444,0,0,0,-1,
307,0.307,0.4021170735359192,0,0,0,-1,
308,0.308,0.4024389386177063,0,0,0,-1,
309,0.309,0.4029216468334198,0,0,0,-1,
310,0.31,0.4036058187484741,0,0,0,-1,
311,0.311,0.4042367935180664,0,0,0,-1,
312,0.312,0.40505272150039673,0,0,0,-1,
313,0.313,0.40570878982543945,0,0,0,-1,
314,0.314,0.4060498774051666,0,0,0,-1,
315,0.315,0.40630465745925903,0,0,0,-1,
316,0.316,0.40692684054374695,0,0,0,-1,
317,0.317,0.4077059328556061,0,0,0,-1,
318,0.318,0.4087396562099457,0,0,0,-1,
319,0.319,0.409742534160614,0,0,0,-1,
320,0.32,0.4109174311161041,0,0,0,-1,
321,0.321,0.41209477186203003,0,0,0,-1,
322,0.322,0.41299018263816833,0,0,0,-1,
323,0.323,0.4138578772544861,0,0,0,-1,
324,0.324,0.4147755801677704,0,0,0,-1,
325,0.325,0.4153222441673279,0,0,0,-1,
326,0.326,0.41478636860847473,0,0,0,-1,
327,0.327,0.4137859046459198,0,0,0,-1,
328,0.328,0.4125046133995056,0,0,0,-1,
329,0.329,0.4112451672554016,0,0,0,-1,
330,0.33,0.41044020652770996,0,0,0,-1,
331,0.331,0.40977102518081665,0,0,0,-1,
332,0.332,0.40935248136520386,0,0,0,-1,
333,0.333,0.4091049134731293,0,0,0,-1,
334,0.334,0.40864232182502747,0,0,0,-1,
335,0.335,0.40820634365081787,0,0,0,-1,
336,0.336,0.40799638628959656,0,0,0,-1,
337,0.337,0.4080279767513275,0,0,0,-1,
338,0.338,0.4084427058696747,0,0,0,-1,
339,0.339,0.4085826873779297,0,0,0,-1,
340,0.34,0.40862059593200684,0,0,0,-1,
341,0.341,0.40846794843673706,0,0,0,-1,
342,0.342,0.4083690047264099,0,0,0,-1,
343,0.343,0.4086417257785797,0,0,0,-1,
344,0.34400000000000003,0.4090237319469452,0,0,0,-1,
345,0.34500000000000003,0.4094812273979187,0,0,0,-1,
346,0.34600000000000003,0.40937021374702454,0,0,0,-1,
347,0.34700000000000003,0.4091557264328003,0,0,0,-1,
348,0.34800000000000003,0.40845784544944763,0,0,0,-1,
349,0.34900000000000003,0.40771549940109253,0,0,0,-1,
350,0.35000000000000003,0.40712013840675354,0,0,0,-1,
351,0.35100000000000003,0.40641409158706665,0,0,0,-1,
352,0.352,0.4058125615119934,0,0,0,-1,
353,0.353,0.40521731972694397,0,0,0,-1,
354,0.354,0.40450412034988403,0,0,0,-1,
355,0.355,0.4040035903453827,0,0,0,-1,
356,0.356,0.40365368127822876,0,0,0,-1,
357,0.357,0.4033813774585724,0,0,0,-1,
358,0.358,0.4036481976509094,0,0,0,-1,
359,0.359,0.40355515480041504,0,0,0,-1,
360,0.36,0.40323254466056824,0,0,0,-1,
361,0.361,0.4027886986732483,0,0,0,-1,
362,0.362,0.4023649990558624,0,0,0,-1,
363,0.363,0.4021288752555847,0,0,0,-1,
364,0.364,0.40196919441223145,0,0,0,-1,
365,0.365,0.4019553065299988,0,0,0,-1,
366,0.366,0.4017999768257141,0,0,0,-1,
367,0.367,0.40147843956947327,0,0,0,-1,
368,0.368,0.40114885568618774,0,0,0,-1,
369,0.369,0.40103039145469666,0,0,0,-1,
370,0.37,0.40106046199798584,0,0,0,-1,
371,0.371,0.4010949432849884,0,0,0,-1,
372,0.372,0.4011072516441345,0,0,0,-1,
373,0.373,0.40093833208084106,0,0,0,-1,
374,0.374,0.4007114768028259,0,0,0,-1,
375,0.375,0.40070733428001404,0,0,0,-1,
376,0.376,0.4010920822620392,0,0,0,-1,
377,0.377,0.4018173813819885,0,0,0,-1,
378,0.378,0.4030352532863617,0,0,0,-1,
379,0.379,0.4039361774921417,0,0,0,-1,
380,0.38,0.4047397971153259,0,0,0,-1,
381,0.381,0.4052436947822571,0,0,0,-1,
382,0.382,0.4054597318172455,0,0,0,-1,
383,0.383,0.4057086706161499,0,0,0,-1,
384,0.384,0.4058503210544586,0,0,0,-1,
385,0.385,0.4060279130935669,0,0,0,-1,
386,0.386,0.4060917794704437,0,0,0,-1,
387,0.387,0.405930757522583,0,0,0,-1,
388,0.388,0.40565720200538635,0,0,0,-1,
389,0.389,0.4055723249912262,0,0,0,-1,
390,0.39,0.4056674838066101,0,0,0,-1,
391,0.391,0.4055847227573395,0,0,0,-1,
392,0.392,0.4054478108882904,0,0,0,-1,
393,0.393,0.4052356481552124,0,0,0,-1,
394,0.394,0.4047893285751343,0,0,0,-1,
395,0.395,0.40450793504714966,0,0,0,-1,
396,0.396,0.40437594056129456,0,0,0,-1,
397,0.397,0.4045496881008148,0,0,0,-1,
398,0.398,0.40513473749160767,0,0,0,-1,
399,0.399,0.40545618534088135,0,0,0,-1,
400,0.4,0.4058762490749359,0,0,0,-1,
401,0.401,0.40622207522392273,0,0,0,-1,
402,0.402,0.4065570831298828,0,0,0,-1,
403,0.403,0.40704721212387085,0,0,0,-1,
404,0.404,0.407611608505249,0,0,0,-1,
405,0.405,0.40803730487823486,0,0,0,-1,
406,0.406,0.40808767080307007,0,0,0,-1,
407,0.40700000000000003,0.4079149663448334,0,0,0,-1,
408,0.40800000000000003,0.4073091149330139,0,0,0,-1,
409,0.40900000000000003,0.40679019689559937,0,0,0,-1,
410,0.41000000000000003,0.40613263845443726,0,0,0,-1,
411,0.41100000000000003,0.4054490625858307,0,0,0,-1,
412,0.41200000000000003,0.4051087498664856,0,0,0,-1,
413,0.41300000000000003,0.40455007553100586,0,0,0,-1,
414,0.41400000000000003,0.40350067615509033,0,0,0,-1,
415,0.41500000000000004,0.40248969197273254,0,0,0,-1,
416,0.41600000000000004,0.4018816649913788,0,0,0,-1,
417,0.417,0.40175801515579224,0,0,0,-1,
418,0.418,0.4019903242588043,0,0,0,-1,
419,0.419,0.4026683270931244,0,0,0,-1,
420,0.42,0.40346962213516235,0,0,0,-1,
421,0.421,0.4040415585041046,0,0,0,-1,
422,0.422,0.4043385088443756,0,0,0,-1,
423,0.423,0.40478354692459106,0,0,0,-1,
424,0.424,0.40528392791748047,0,0,0,-1,
425,0.425,0.40557435154914856,0,0,0,-1,
426,0.426,0.40550440549850464,0,0,0,-1,
427,0.427,0.4051376283168793,0,0,0,-1,
428,0.428,0.40463554859161377,0,0,0,-1,
429,0.429,0.40424665808677673,0,0,0,-1,
430,0.43,0.40403908491134644,0,0,0,-1,
431,0.431,0.4038759171962738,0,0,0,-1,
432,0.432,0.403837114572525,0,0,0,-1,
433,0.433,0.40363162755966187,0,0,0,-1,
434,0.434,0.40326550602912903,0,0,0,-1,
435,0.435,0.40323343873023987,0,0,0,-1,
436,0.436,0.40336304903030396,0,0,0,-1,
437,0.437,0.40361109375953674,0,0,0,-1,
438,0.438,0.40405037999153137,0,0,0,-1,
439,0.439,0.40463441610336304,0,0,0,-1,
440,0.44,0.4051114022731781,0,0,0,-1,
441,0.441,0.40526023507118225,0,0,0,-1,
442,0.442,0.4052397906780243,0,0,0,-1,
443,0.443,0.4054434895515442,0,0,0,-1,
444,0.444,0.4058546721935272,0,0,0,-1,
445,0.445,0.4061640202999115,0,0,0,-1,
446,0.446,0.4062294065952301,0,0,0,-1,
447,0.447,0.40601786971092224,0,0,0,-1,
448,0.448,0.40565240383148193,0,0,0,-1,
449,0.449,0.40524914860725403,0,0,0,-1,
450,0.45,0.40480858087539673,0,0,0,-1,
451,0.451,0.40445590019226074,0,0,0,-1,
452,0.452,0.4043194055557251,0,0,0,-1,
453,0.453,0.4041568338871002,0,0,0,-1,
454,0.454,0.40368184447288513,0,0,0,-1,
455,0.455,0.4033436179161072,0,0,0,-1,
456,0.456,0.4032258093357086,0,0,0,-1,
457,0.457,0.4033285081386566,0,0,0,-1,
458,0.458,0.4038246273994446,0,0,0,-1,
459,0.459,0.40394076704978943,0,0,0,-1,
460,0.46,0.40412241220474243,0,0,0,-1,
461,0.461,0.4042782187461853,0,0,0,-1,
462,0.462,0.40442442893981934,0,0,0,-1,
463,0.463,0.40485239028930664,0,0,0,-1,
464,0.464,0.40564972162246704,0,0,0,-1,
465,0.465,0.4065322279930115,0,0,0,-1,
466,0.466,0.4071495234966278,0,0,0,-1,
467,0.467,0.4075973331928253,0,0,0,-1,
468,0.468,0.4078427851200104,0,0,0,-1,
469,0.46900000000000003,0.4081364572048187,0,0,0,-1,
470,0.47000000000000003,0.40869736671447754,0,0,0,-1,
471,0.47100000000000003,0.40927577018737793,0,0,0,-1,
472,0.47200000000000003,0.4099239408969879,0,0,0,-1,
473,0.47300000000000003,0.4102385938167572,0,0,0,-1,
474,0.47400000000000003,0.41021355986595154,0,0,0,-1,
475,0.47500000000000003,0.41026949882507324,0,0,0,-1,
476,0.47600000000000003,0.4103914201259613,0,0,0,-1,
477,0.47700000000000004,0.4106026887893677,0,0,0,-1,
478,0.47800000000000004,0.41110262274742126,0,0,0,-1,
479,0.47900000000000004,0.4114025831222534,0,0,0,-1,
480,0.48,0.4115287661552429,0,0,0,-1,
481,0.481,0.4113149642944336,0,0,0,-1,
482,0.482,0.41069579124450684,0,0,0,-1,
483,0.483,0.41014552116394043,0,0,0,-1,
484,0.484,0.4095419645309448,0,0,0,-1,
485,0.485,0.4087108075618744,0,0,0,-1,
486,0.486,0.40768277645111084,0,0,0,-1,
487,0.487,0.4062100946903229,0,0,0,-1,
488,0.488,0.40436387062072754,0,0,0,-1,
489,0.489,0.40256455540657043,0,0,0,-1,
490,0.49,0.4007275700569153,0,0,0,-1,
491,0.491,0.3991023600101471,0,0,0,-1,
492,0.492,0.39752036333084106,0,0,0,-1,
493,0.493,0.3959868252277374,0,0,0,-1,
494,0.494,0.39446622133255005,0,0,0,-1,
495,0.495,0.39338168501853943,0,0,0,-1,
496,0.496,0.3927870988845825,0,0,0,-1,
497,0.497,0.3926813006401062,0,0,0,-1,
498,0.498,0.3931201994419098,0,0,0,-1,
499,0.499,0.39382287859916687,0,0,0,-1,
500,0.5,0.3947628438472748,0,0,0,-1,
501,0.501,0.39587223529815674,0,0,0,-1,
502,0.502,0.3968414068222046,0,0,0,-1,
503,0.503,0.397866815328598,0,0,0,-1,
504,0.504,0.3988338112831116,0,0,0,-1,
505,0.505,0.39985761046409607,0,0,0,-1,
506,0.506,0.4006500840187073,0,0,0,-1,
507,0.507,0.4009796380996704,0,0,0,-1,
508,0.508,0.40096089243888855,0,0,0,-1,
509,0.509,0.401374876499176,0,0,0,-1,
510,0.51,0.40149861574172974,0,0,0,-1,
511,0.511,0.401964008808136,0,0,0,-1,
512,0.512,0.40270453691482544,0,0,0,-1,
513,0.513,0.40331730246543884,0,0,0,-1,
514,0.514,0.40402287244796753,0,0,0,-1,
515,0.515,0.404877245426178,0,0,0,-1,
516,0.516,0.40616002678871155,0,0,0,-1,
517,0.517,0.4079355001449585,0,0,0,-1,
518,0.518,0.4104427993297577,0,0,0,-1,
519,0.519,0.41304945945739746,0,0,0,-1,
520,0.52,0.4155993163585663,0,0,0,-1,
521,0.521,0.4183269739151001,0,0,0,-1,
522,0.522,0.42141005396842957,0,0,0,-1,
523,0.523,0.42446884512901306,0,0,0,-1,
524,0.524,0.4275834858417511,0,0,0,-1,
525,0.525,0.4307010769844055,0,0,0,-1,
526,0.526,0.4334573447704315,0,0,0,-1,
527,0.527,0.43581798672676086,0,0,0,-1,
528,0.528,0.4378788471221924,0,0,0,-1,
529,0.529,0.4397967755794525,0,0,0,-1,
530,0.53,0.4417218863964081,0,0,0,-1,
531,0.531,0.44394785165786743,0,0,0,-1,
532,0.532,0.44577622413635254,0,0,0,-1,
533,0.533,0.44702306389808655,0,0,0,-1,
534,0.534,0.44771698117256165,0,0,0,-1,
535,0.535,0.4481136202812195,0,0,0,-1,
536,0.536,0.4486865997314453,0,0,0,-1,
537,0.537,0.4493432641029358,0,0,0,-1,
538,0.538,0.4502749443054199,0,0,0,-1,
539,0.539,0.45031440258026123,0,0,0,-1,
540,0.54,0.44972124695777893,0,0,0,-1,
541,0.541,0.4486439526081085,0,0,0,-1,
542,0.542,0.4474596381187439,0,0,0,-1,
543,0.543,0.4463501274585724,0,0,0,-1,
544,0.544,0.4452166259288788,0,0,0,-1,
545,0.545,0.44388630986213684,0,0,0,-1,
546,0.546,0.44226768612861633,0,0,0,-1,
547,0.547,0.4404519498348236,0,0,0,-1,
548,0.548,0.43836474418640137,0,0,0,-1,
549,0.549,0.43594804406166077,0,0,0,-1,
550,0.55,0.4336300194263458,0,0,0,-1,
551,0.551,0.43136152625083923,0,0,0,-1,
552,0.552,0.4291922152042389,0,0,0,-1,
553,0.553,0.4268515706062317,0,0,0,-1,
554,0.554,0.4239564836025238,0,0,0,-1,
555,0.555,0.4210140109062195,0,0,0,-1,
556,0.556,0.41819730401039124,0,0,0,-1,
557,0.557,0.41563302278518677,0,0,0,-1,
558,0.558,0.4137879014015198,0,0,0,-1,
559,0.559,0.4122406840324402,0,0,0,-1,
560,0.56,0.4106951653957367,0,0,0,-1,
561,0.561,0.409072607755661,0,0,0,-1,
562,0.562,0.4077935516834259,0,0,0,-1,
563,0.5630000000000001,0.4069463312625885,0,0,0,-1,
564,0.5640000000000001,0.4062846601009369,0,0,0,-1,
565,0.5650000000000001,0.40586093068122864,0,0,0,-1,
566,0.5660000000000001,0.40538302063941956,0,0,0,-1,
567,0.5670000000000001,0.4049918055534363,0,0,0,-1,
568,0.5680000000000001,0.40427812933921814,0,0,0,-1,
569,0.5690000000000001,0.40332701802253723,0,0,0,-1,
570,0.5700000000000001,0.4026459753513336,0,0,0,-1,
571,0.5710000000000001,0.402071088552475,0,0,0,-1,
572,0.5720000000000001,0.401659220457077,0,0,0,-1,
573,0.5730000000000001,0.40117838978767395,0,0,0,-1,
574,0.5740000000000001,0.4002891480922699,0,0,0,-1,
575,0.5750000000000001,0.3995864689350128,0,0,0,-1,
576,0.5760000000000001,0.3992697596549988,0,0,0,-1,
577,0.577,0.39919161796569824,0,0,0,-1,
578,0.578,0.3995213806629181,0,0,0,-1,
579,0.579,0.3999199867248535,0,0,0,-1,
580,0.58,0.4001302123069763,0,0,0,-1,
581,0.581,0.40025851130485535,0,0,0,-1,
582,0.582,0.40058091282844543,0,0,0,-1,
583,0.583,0.40099036693573,0,0,0,-1,
584,0.584,0.40143945813179016,0,0,0,-1,
585,0.585,0.4018585681915283,0,0,0,-1,
586,0.586,0.4022682309150696,0,0,0,-1,
587,0.587,0.4024006724357605,0,0,0,-1,
588,0.588,0.40231481194496155,0,0,0,-1,
589,0.589,0.4021562337875366,0,0,0,-1,
590,0.59,0.4022606313228607,0,0,0,-1,
591,0.591,0.40254509449005127,0,0,0,-1,
592,0.592,0.40288209915161133,0,0,0,-1,
593,0.593,0.4033260643482208,0,0,0,-1,
594,0.594,0.4035666286945343,0,0,0,-1,
595,0.595,0.4038849472999573,0,0,0,-1,
596,0.596,0.4041609466075897,0,0,0,-1,
597,0.597,0.40470123291015625,0,0,0,-1,
598,0.598,0.4056099057197571,0,0,0,-1,
599,0.599,0.40668851137161255,0,0,0,-1,
600,0.6,0.4077891707420349,0,0,0,-1,
601,0.601,0.4086906313896179,0,0,0,-1,
602,0.602,0.4096287190914154,0,0,0,-1,
603,0.603,0.4105437397956848,0,0,0,-1,
604,0.604,0.41128456592559814,0,0,0,-1,
605,0.605,0.4117054045200348,0,0,0,-1,
606,0.606,0.4117192327976227,0,0,0,-1,
607,0.607,0.41150736808776855,0,0,0,-1,
608,0.608,0.4109627604484558,0,0,0,-1,
609,0.609,0.4102732539176941,0,0,0,-1,
610,0.61,0.4099212884902954,0,0,0,-1,
611,0.611,0.40986379981040955,0,0,0,-1,
612,0.612,0.4098502993583679,0,0,0,-1,
613,0.613,0.4097123444080353,0,0,0,-1,
614,0.614,0.40932032465934753,0,0,0,-1,
615,0.615,0.4091627895832062,0,0,0,-1,
616,0.616,0.409252405166626,0,0,0,-1,
617,0.617,0.40943050384521484,0,0,0,-1,
618,0.618,0.40997689962387085,0,0,0,-1,
619,0.619,0.41039004921913147,0,0,0,-1,
620,0.62,0.41070061922073364,0,0,0,-1,
621,0.621,0.41075968742370605,0,0,0,-1,
622,0.622,0.41096314787864685,0,0,0,-1,
623,0.623,0.4112391769886017,0,0,0,-1,
624,0.624,0.4119805097579956,0,0,0,-1,
625,0.625,0.4127770662307739,0,0,0,-1,
626,0.626,0.41331401467323303,0,0,0,-1,
627,0.627,0.41366124153137207,0,0,0,-1,
628,0.628,0.4137182831764221,0,0,0,-1,
629,0.629,0.4136910140514374,0,0,0,-1,
630,0.63,0.41374534368515015,0,0,0,-1,
631,0.631,0.4142661690711975,0,0,0,-1,
632,0.632,0.41490495204925537,0,0,0,-1,
633,0.633,0.41535598039627075,0,0,0,-1,
634,0.634,0.4156356453895569,0,0,0,-1,
635,0.635,0.4160260558128357,0,0,0,-1,
636,0.636,0.4164486229419708,0,0,0,-1,
637,0.637,0.41691747307777405,0,0,0,-1,
638,0.638,0.41730648279190063,0,0,0,-1,
639,0.639,0.4173223674297333,0,0,0,-1,
640,0.64,0.41707202792167664,0,0,0,-1,
641,0.641,0.41655418276786804,0,0,0,-1,
642,0.642,0.416104793548584,0,0,0,-1,
643,0.643,0.4157528281211853,0,0,0,-1,
644,0.644,0.4157487750053406,0,0,0,-1,
645,0.645,0.41571977734565735,0,0,0,-1,
646,0.646,0.4155590832233429,0,0,0,-1,
647,0.647,0.41535064578056335,0,0,0,-1,
648,0.648,0.4150862693786621,0,0,0,-1,
649,0.649,0.41502487659454346,0,0,0,-1,
650,0.65,0.41498133540153503,0,0,0,-1,
651,0.651,0.4149378538131714,0,0,0,-1,
652,0.652,0.41497817635536194,0,0,0,-1,
653,0.653,0.41502565145492554,0,0,0,-1,
654,0.654,0.4149736762046814,0,0,0,-1,
655,0.655,0.41517937183380127,0,0,0,-1,
656,0.656,0.4156567454338074,0,0,0,-1,
657,0.657,0.4162912368774414,0,0,0,-1,
658,0.658,0.4169231057167053,0,0,0,-1,
659,0.659,0.41740190982818604,0,0,0,-1,
660,0.66,0.41756606101989746,0,0,0,-1,
661,0.661,0.41735613346099854,0,0,0,-1,
662,0.662,0.4169734716415405,0,0,0,-1,
663,0.663,0.4167410433292389,0,0,0,-1,
664,0.664,0.41677290201187134,0,0,0,-1,
665,0.665,0.4167845547199249,0,0,0,-1,
666,0.666,0.41643983125686646,0,0,0,-1,
667,0.667,0.4158616065979004,0,0,0,-1,
668,0.668,0.4150219261646271,0,0,0,-1,
669,0.669,0.41387784481048584,0,0,0,-1,
670,0.67,0.41264835000038147,0,0,0,-1,
671,0.671,0.4113592803478241,0,0,0,-1,
672,0.672,0.41039031744003296,0,0,0,-1,
673,0.673,0.4098123610019684,0,0,0,-1,
674,0.674,0.40912926197052,0,0,0,-1,
675,0.675,0.4087425172328949,0,0,0,-1,
676,0.676,0.4087929427623749,0,0,0,-1,
677,0.677,0.4090994894504547,0,0,0,-1,
678,0.678,0.40980064868927,0,0,0,-1,
679,0.679,0.4107983708381653,0,0,0,-1,
680,0.68,0.41185179352760315,0,0,0,-1,
681,0.681,0.41275733709335327,0,0,0,-1,
682,0.682,0.4138294756412506,0,0,0,-1,
683,0.683,0.4151760935783386,0,0,0,-1,
684,0.684,0.41644591093063354,0,0,0,-1,
685,0.685,0.41743606328964233,0,0,0,-1,
686,0.686,0.4179544746875763,0,0,0,-1,
687,0.687,0.41799497604370117,0,0,0,-1,
688,0.6880000000000001,0.41751375794410706,0,0,0,-1,
689,0.6890000000000001,0.41702061891555786,0,0,0,-1,
690,0.6900000000000001,0.41683873534202576,0,0,0,-1,
691,0.6910000000000001,0.41670912504196167,0,0,0,-1,
692,0.6920000000000001,0.4165080189704895,0,0,0,-1,
693,0.6930000000000001,0.4162604808807373,0,0,0,-1,
694,0.6940000000000001,0.41588976979255676,0,0,0,-1,
695,0.6950000000000001,0.4158238470554352,0,0,0,-1,
696,0.6960000000000001,0.4159553349018097,0,0,0,-1,
697,0.6970000000000001,0.41631561517715454,0,0,0,-1,
698,0.6980000000000001,0.4171680212020874,0,0,0,-1,
699,0.6990000000000001,0.41803067922592163,0,0,0,-1,
700,0.7000000000000001,0.4187750518321991,0,0,0,-1,
701,0.7010000000000001,0.4193981885910034,0,0,0,-1,
702,0.7020000000000001,0.4199678301811218,0,0,0,-1,
703,0.7030000000000001,0.42042243480682373,0,0,0,-1,
704,0.704,0.42072099447250366,0,0,0,-1,
705,0.705,0.4204667806625366,0,0,0,-1,
706,0.706,0.4196435809135437,0,0,0,-1,
707,0.707,0.41848039627075195,0,0,0,-1,
708,0.708,0.4168577194213867,0,0,0,-1,
709,0.709,0.4151225984096527,0,0,0,-1,
710,0.71,0.41378170251846313,0,0,0,-1,
711,0.711,0.41258934140205383,0,0,0,-1,
712,0.712,0.41166406869888306,0,0,0,-1,
713,0.713,0.4108981490135193,0,0,0,-1,
714,0.714,0.41014793515205383,0,0,0,-1,
715,0.715,0.40968579053878784,0,0,0,-1,
716,0.716,0.4093586206436157,0,0,0,-1,
717,0.717,0.40929582715034485,0,0,0,-1,
718,0.718,0.40974876284599304,0,0,0,-1,
719,0.719,0.41013437509536743,0,0,0,-1,
720,0.72,0.41036736965179443,0,0,0,-1,
721,0.721,0.4104105532169342,0,0,0,-1,
722,0.722,0.41060444712638855,0,0,0,-1,
723,0.723,0.4109439551830292,0,0,0,-1,
724,0.724,0.4113028049468994,0,0,0,-1,
725,0.725,0.41165393590927124,0,0,0,-1,
726,0.726,0.41174110770225525,0,0,0,-1,
727,0.727,0.41174525022506714,0,0,0,-1,
728,0.728,0.4114820957183838,0,0,0,-1,
729,0.729,0.41113582253456116,0,0,0,-1,
730,0.73,0.4107540547847748,0,0,0,-1,
731,0.731,0.4102931022644043,0,0,0,-1,
732,0.732,0.4099881947040558,0,0,0,-1,
733,0.733,0.40976202487945557,0,0,0,-1,
734,0.734,0.4091678559780121,0,0,0,-1,
735,0.735,0.4087972640991211,0,0,0,-1,
736,0.736,0.40861159563064575,0,0,0,-1,
737,0.737,0.40866339206695557,0,0,0,-1,
738,0.738,0.409036785364151,0,0,0,-1,
739,0.739,0.40922749042510986,0,0,0,-1,
740,0.74,0.4092850387096405,0,0,0,-1,
741,0.741,0.40916717052459717,0,0,0,-1,
742,0.742,0.40926897525787354,0,0,0,-1,
743,0.743,0.40954431891441345,0,0,0,-1,
744,0.744,0.4102317690849304,0,0,0,-1,
745,0.745,0.41105249524116516,0,0,0,-1,
746,0.746,0.4116085171699524,0,0,0,-1,
747,0.747,0.41204211115837097,0,0,0,-1,
748,0.748,0.4122666120529175,0,0,0,-1,
749,0.749,0.412353515625,0,0,0,-1,
750,0.75,0.4127860367298126,0,0,0,-1,
751,0.751,0.4131007194519043,0,0,0,-1,
752,0.752,0.41333070397377014,0,0,0,-1,
753,0.753,0.41333845257759094,0,0,0,-1,
754,0.754,0.41305777430534363,0,0,0,-1,
755,0.755,0.4127463102340698,0,0,0,-1,
756,0.756,0.4127044677734375,0,0,0,-1,
757,0.757,0.412801593542099,0,0,0,-1,
758,0.758,0.4132266640663147,0,0,0,-1,
759,0.759,0.4134330451488495,0,0,0,-1,
760,0.76,0.4136509895324707,0,0,0,-1,
761,0.761,0.41367852687835693,0,0,0,-1,
762,0.762,0.4135514497756958,0,0,0,-1,
763,0.763,0.4134804308414459,0,0,0,-1,
764,0.764,0.41379353404045105,0,0,0,-1,
765,0.765,0.41408056020736694,0,0,0,-1,
766,0.766,0.41394639015197754,0,0,0,-1,
767,0.767,0.41354629397392273,0,0,0,-1,
768,0.768,0.4130314588546753,0,0,0,-1,
769,0.769,0.41246500611305237,0,0,0,-1,
770,0.77,0.4123281240463257,0,0,0,-1,
771,0.771,0.4123022258281708,0,0,0,-1,
772,0.772,0.41230228543281555,0,0,0,-1,
773,0.773,0.41214993596076965,0,0,0,-1,
774,0.774,0.4118715822696686,0,0,0,-1,
775,0.775,0.4117668867111206,0,0,0,-1,
776,0.776,0.4118732810020447,0,0,0,-1,
777,0.777,0.4122321605682373,0,0,0,-1,
778,0.778,0.41274401545524597,0,0,0,-1,
779,0.779,0.4132806956768036,0,0,0,-1,
780,0.78,0.4137025773525238,0,0,0,-1,
781,0.781,0.41389957070350647,0,0,0,-1,
782,0.782,0.4141469895839691,0,0,0,-1,
783,0.783,0.41432881355285645,0,0,0,-1,
784,0.784,0.4146448075771332,0,0,0,-1,
785,0.785,0.4148607850074768,0,0,0,-1,
786,0.786,0.41473132371902466,0,0,0,-1,
787,0.787,0.4146198034286499,0,0,0,-1,
788,0.788,0.41461145877838135,0,0,0,-1,
789,0.789,0.4145824909210205,0,0,0,-1,
790,0.79,0.41482722759246826,0,0,0,-1,
791,0.791,0.4152819812297821,0,0,0,-1,
792,0.792,0.4158291518688202,0,0,0,-1,
793,0.793,0.416500061750412,0,0,0,-1,
794,0.794,0.4169459939002991,0,0,0,-1,
795,0.795,0.41740474104881287,0,0,0,-1,
796,0.796,0.41795045137405396,0,0,0,-1,
797,0.797,0.4184950590133667,0,0,0,-1,
798,0.798,0.41917750239372253,0,0,0,-1,
799,0.799,0.41959959268569946,0,0,0,-1,
800,0.8,0.4195600748062134,0,0,0,-1,
801,0.801,0.41883331537246704,0,0,0,-1,
802,0.802,0.41803425550460815,0,0,0,-1,
803,0.803,0.4172593951225281,0,0,0,-1,
804,0.804,0.4166199564933777,0,0,0,-1,
805,0.805,0.4158132076263428,0,0,0,-1,
806,0.806,0.41478702425956726,0,0,0,-1,
807,0.807,0.41351351141929626,0,0,0,-1,
808,0.808,0.4121323525905609,0,0,0,-1,
809,0.809,0.41081205010414124,0,0,0,-1,
810,0.81,0.4100814759731293,0,0,0,-1,
811,0.811,0.40964463353157043,0,0,0,-1,
812,0.812,0.40950635075569153,0,0,0,-1,
813,0.8130000000000001,0.40954697132110596,0,0,0,-1,
814,0.8140000000000001,0.4095299243927002,0,0,0,-1,
815,0.8150000000000001,0.409862756729126,0,0,0,-1,
816,0.8160000000000001,0.41050463914871216,0,0,0,-1,
817,0.8170000000000001,0.41114816069602966,0,0,0,-1,
818,0.8180000000000001,0.4118685722351074,0,0,0,-1,
819,0.8190000000000001,0.4121536612510681,0,0,0,-1,
820,0.8200000000000001,0.41231054067611694,0,0,0,-1,
821,0.8210000000000001,0.41224363446235657,0,0,0,-1,
822,0.8220000000000001,0.41234418749809265,0,0,0,-1,
823,0.8230000000000001,0.4126790165901184,0,0,0,-1,
824,0.8240000000000001,0.41302481293678284,0,0,0,-1,
825,0.8250000000000001,0.4132331311702728,0,0,0,-1,
826,0.8260000000000001,0.4133361577987671,0,0,0,-1,
827,0.8270000000000001,0.41327354311943054,0,0,0,-1,
828,0.8280000000000001,0.4130401611328125,0,0,0,-1,
829,0.8290000000000001,0.41246137022972107,0,0,0,-1,
830,0.8300000000000001,0.41205906867980957,0,0,0,-1,
831,0.8310000000000001,0.41191694140434265,0,0,0,-1,
832,0.8320000000000001,0.41186437010765076,0,0,0,-1,
833,0.833,0.4117588400840759,0,0,0,-1,
834,0.834,0.41133853793144226,0,0,0,-1,
835,0.835,0.4112708568572998,0,0,0,-1,
836,0.836,0.4115028381347656,0,0,0,-1,
837,0.837,0.41176965832710266,0,0,0,-1,
838,0.838,0.4122464954853058,0,0,0,-1,
839,0.839,0.4125431478023529,0,0,0,-1,
840,0.84,0.4126255512237549,0,0,0,-1,
841,0.841,0.4126596748828888,0,0,0,-1,
842,0.842,0.4128747880458832,0,0,0,-1,
843,0.843,0.4131183624267578,0,0,0,-1,
844,0.844,0.41368016600608826,0,0,0,-1,
845,0.845,0.41425031423568726,0,0,0,-1,
846,0.846,0.41479888558387756,0,0,0,-1,
847,0.847,0.4151066541671753,0,0,0,-1,
848,0.848,0.4150574505329132,0,0,0,-1,
849,0.849,0.4148429036140442,0,0,0,-1,
850,0.85,0.41461923718452454,0,0,0,-1,
851,0.851,0.41424039006233215,0,0,0,-1,
852,0.852,0.41397741436958313,0,0,0,-1,
853,0.853,0.4138302803039551,0,0,0,-1,
854,0.854,0.4134744107723236,0,0,0,-1,
855,0.855,0.41334086656570435,0,0,0,-1,
856,0.856,0.41337838768959045,0,0,0,-1,
857,0.857,0.41372382640838623,0,0,0,-1,
858,0.858,0.41463908553123474,0,0,0,-1,
859,0.859,0.41534581780433655,0,0,0,-1,
860,0.86,0.4156339168548584,0,0,0,-1,
861,0.861,0.4156845808029175,0,0,0,-1,
862,0.862,0.41571494936943054,0,0,0,-1,
863,0.863,0.41551148891448975,0,0,0,-1,
864,0.864,0.41552406549453735,0,0,0,-1,
865,0.865,0.4154241383075714,0,0,0,-1,
866,0.866,0.4150907099246979,0,0,0,-1,
867,0.867,0.41451582312583923,0,0,0,-1,
868,0.868,0.41397184133529663,0,0,0,-1,
869,0.869,0.4137412905693054,0,0,0,-1,
870,0.87,0.4139690697193146,0,0,0,-1,
871,0.871,0.4141283929347992,0,0,0,-1,
872,0.872,0.4140844941139221,0,0,0,-1,
873,0.873,0.4138864278793335,0,0,0,-1,
874,0.874,0.41359996795654297,0,0,0,-1,
875,0.875,0.4133300483226776,0,0,0,-1,
876,0.876,0.4131391644477844,0,0,0,-1,
877,0.877,0.41311755776405334,0,0,0,-1,
878,0.878,0.4133875072002411,0,0,0,-1,
879,0.879,0.41347578167915344,0,0,0,-1,
880,0.88,0.41330793499946594,0,0,0,-1,
881,0.881,0.41295990347862244,0,0,0,-1,
882,0.882,0.41287171840667725,0,0,0,-1,
883,0.883,0.4130762815475464,0,0,0,-1,
884,0.884,0.41334033012390137,0,0,0,-1,
885,0.885,0.4135729670524597,0,0,0,-1,
886,0.886,0.4138789474964142,0,0,0,-1,
887,0.887,0.4139062464237213,0,0,0,-1,
888,0.888,0.41354840993881226,0,0,0,-1,
889,0.889,0.41329583525657654,0,0,0,-1,
890,0.89,0.41313236951828003,0,0,0,-1,
891,0.891,0.4129076898097992,0,0,0,-1,
892,0.892,0.41275718808174133,0,0,0,-1,
893,0.893,0.412504643201828,0,0,0,-1,
894,0.894,0.41184160113334656,0,0,0,-1,
895,0.895,0.411426305770874,0,0,0,-1,
896,0.896,0.4111877679824829,0,0,0,-1,
897,0.897,0.4110521674156189,0,0,0,-1,
898,0.898,0.41133201122283936,0,0,0,-1,
899,0.899,0.4114733338356018,0,0,0,-1,
900,0.9,0.41128775477409363,0,0,0,-1,
901,0.901,0.41097331047058105,0,0,0,-1,
902,0.902,0.41082727909088135,0,0,0,-1,
903,0.903,0.41084468364715576,0,0,0,-1,
904,0.904,0.41108688712120056,0,0,0,-1,
905,0.905,0.41126933693885803,0,0,0,-1,
906,0.906,0.4113330543041229,0,0,0,-1,
907,0.907,0.4111894965171814,0,0,0,-1,
908,0.908,0.4109257459640503,0,0,0,-1,
909,0.909,0.4107276499271393,0,0,0,-1,
910,0.91,0.41094672679901123,0,0,0,-1,
911,0.911,0.41142603754997253,0,0,0,-1,
912,0.912,0.41209352016448975,0,0,0,-1,
913,0.913,0.41271623969078064,0,0,0,-1,
914,0.914,0.4130896031856537,0,0,0,-1,
915,0.915,0.41363298892974854,0,0,0,-1,
916,0.916,0.41433876752853394,0,0,0,-1,
917,0.917,0.4152052700519562,0,0,0,-1,
918,0.918,0.4161166250705719,0,0,0,-1,
919,0.919,0.41686129570007324,0,0,0,-1,
920,0.92,0.4172738492488861,0,0,0,-1,
921,0.921,0.4173102080821991,0,0,0,-1,
922,0.922,0.4173696041107178,0,0,0,-1,
923,0.923,0.4172748327255249,0,0,0,-1,
924,0.924,0.417420357465744,0,0,0,-1,
925,0.925,0.41743406653404236,0,0,0,-1,
926,0.926,0.41717812418937683,0,0,0,-1,
927,0.927,0.41658511757850647,0,0,0,-1,
928,0.928,0.415873259305954,0,0,0,-1,
929,0.929,0.4151935875415802,0,0,0,-1,
930,0.93,0.4146471917629242,0,0,0,-1,
931,0.931,0.4140412509441376,0,0,0,-1,
932,0.932,0.4136524498462677,0,0,0,-1,
933,0.933,0.413352370262146,0,0,0,-1,
934,0.934,0.41306108236312866,0,0,0,-1,
935,0.935,0.41304561495780945,0,0,0,-1,
936,0.936,0.41325756907463074,0,0,0,-1,
937,0.937,0.4135489761829376,0,0,0,-1,
938,0.9380000000000001,0.413939893245697,0,0,0,-1,
939,0.9390000000000001,0.41428932547569275,0,0,0,-1,
940,0.9400000000000001,0.4145631790161133,0,0,0,-1,
941,0.9410000000000001,0.4146308898925781,0,0,0,-1,
942,0.9420000000000001,0.41472670435905457,0,0,0,-1,
943,0.9430000000000001,0.41480863094329834,0,0,0,-1,
944,0.9440000000000001,0.4148508310317993,0,0,0,-1,
945,0.9450000000000001,0.41476476192474365,0,0,0,-1,
946,0.9460000000000001,0.41448190808296204,0,0,0,-1,
947,0.9470000000000001,0.41411301493644714,0,0,0,-1,
948,0.9480000000000001,0.4136562645435333,0,0,0,-1,
949,0.9490000000000001,0.41308847069740295,0,0,0,-1,
950,0.9500000000000001,0.4127867519855499,0,0,0,-1,
951,0.9510000000000001,0.41268986463546753,0,0,0,-1,
952,0.9520000000000001,0.41282719373703003,0,0,0,-1,
953,0.9530000000000001,0.41297778487205505,0,0,0,-1,
954,0.9540000000000001,0.4129524230957031,0,0,0,-1,
955,0.9550000000000001,0.41315776109695435,0,0,0,-1,
956,0.9560000000000001,0.4133720099925995,0,0,0,-1,
957,0.9570000000000001,0.41364067792892456,0,0,0,-1,
958,0.9580000000000001,0.4141726493835449,0,0,0,-1,
959,0.9590000000000001,0.414633572101593,0,0,0,-1,
960,0.96,0.41474878787994385,0,0,0,-1,
961,0.961,0.4145563840866089,0,0,0,-1,
962,0.962,0.4144214391708374,0,0,0,-1,
963,0.963,0.4143855571746826,0,0,0,-1,
964,0.964,0.41435733437538147,0,0,0,-1,
965,0.965,0.4141610264778137,0,0,0,-1,
966,0.966,0.4137752652168274,0,0,0,-1,
967,0.967,0.4130750298500061,0,0,0,-1,
968,0.968,0.41227877140045166,0,0,0,-1,
969,0.969,0.4119805693626404,0,0,0,-1,
970,0.97,0.41202911734580994,0,0,0,-1,
971,0.971,0.4119703471660614,0,0,0,-1,
972,0.972,0.41196179389953613,0,0,0,-1,
973,0.973,0.4121423363685608,0,0,0,-1,
974,0.974,0.41214025020599365,0,0,0,-1,
975,0.975,0.41229701042175293,0,0,0,-1,
976,0.976,0.4126851558685303,0,0,0,-1,
977,0.977,0.41330209374427795,0,0,0,-1,
978,0.978,0.4140426218509674,0,0,0,-1,
979,0.979,0.4146084189414978,0,0,0,-1,
980,0.98,0.41500917077064514,0,0,0,-1,
981,0.981,0.4151313006877899,0,0,0,-1,
982,0.982,0.41521763801574707,0,0,0,-1,
983,0.983,0.41523477435112,0,0,0,-1,
984,0.984,0.4152390658855438,0,0,0,-1,
985,0.985,0.4150025248527527,0,0,0,-1,
986,0.986,0.4144267737865448,0,0,0,-1,
987,0.987,0.41367200016975403,0,0,0,-1,
988,0.988,0.41280773282051086,0,0,0,-1,
989,0.989,0.41211065649986267,0,0,0,-1,
990,0.99,0.4119153618812561,0,0,0,-1,
991,0.991,0.41174548864364624,0,0,0,-1,
992,0.992,0.4116879999637604,0,0,0,-1,
993,0.993,0.411723256111145,0,0,0,-1,
994,0.994,0.41155755519866943,0,0,0,-1,
995,0.995,0.4116223454475403,0,0,0,-1,
996,0.996,0.41176822781562805,0,0,0,-1,
997,0.997,0.412092924118042,0,0,0,-1,
998,0.998,0.41266605257987976,0,0,0,-1,
999,0.999,0.4131835699081421,0,0,0,-1,
1000,1.0,0.41339632868766785,0,0,0,-1,
1001,1.0010000000000001,0.4133611023426056,0,0,0,-1,
1002,1.002,0.41314050555229187,0,0,0,-1,
1003,1.0030000000000001,0.41273483633995056,0,0,0,-1,
1004,1.004,0.41231346130371094,0,0,0,-1,
1005,1.0050000000000001,0.41179513931274414,0,0,0,-1,
1006,1.006,0.41103413701057434,0,0,0,-1,
1007,1.0070000000000001,0.41015389561653137,0,0,0,-1,
1008,1.008,0.40931451320648193,0,0,0,-1,
1009,1.0090000000000001,0.40894341468811035,0,0,0,-1,
1010,1.01,0.40856799483299255,0,0,0,-1,
1011,1.0110000000000001,0.4081488251686096,0,0,0,-1,
1012,1.012,0.4081055223941803,0,0,0,-1,
1013,1.0130000000000001,0.4084024727344513,0,0,0,-1,
1014,1.014,0.40879693627357483,0,0,0,-1,
1015,1.0150000000000001,0.409390389919281,0,0,0,-1,
1016,1.016,0.4103160798549652,0,0,0,-1,
1017,1.0170000000000001,0.41151878237724304,0,0,0,-1,
1018,1.018,0.41292479634284973,0,0,0,-1,
1019,1.0190000000000001,0.4144951403141022,0,0,0,-1,
1020,1.02,0.41618362069129944,0,0,0,-1,
1021,1.0210000000000001,0.4180159866809845,0,0,0,-1,
1022,1.022,0.4201895594596863,0,0,0,-1,
1023,1.0230000000000001,0.4222615659236908,0,0,0,-1,
1024,1.024,0.4243362247943878,0,0,0,-1,
1025,1.025,0.4259830713272095,0,0,0,-1,
1026,1.026,0.427306205034256,0,0,0,-1,
1027,1.027,0.4279882311820984,0,0,0,-1,
1028,1.028,0.4281594455242157,0,0,0,-1,
1029,1.029,0.42803725600242615,0,0,0,-1,
1030,1.03,0.4279802441596985,0,0,0,-1,
1031,1.031,0.42781245708465576,0,0,0,-1,
1032,1.032,0.4278329014778137,0,0,0,-1,
1033,1.033,0.4278642535209656,0,0,0,-1,
1034,1.034,0.4277057945728302,0,0,0,-1,
1035,1.035,0.4276735484600067,0,0,0,-1,
1036,1.036,0.4276482164859772,0,0,0,-1,
1037,1.037,0.4278481900691986,0,0,0,-1,
1038,1.038,0.4281979203224182,0,0,0,-1,
1039,1.039,0.4286004900932312,0,0,0,-1,
1040,1.04,0.42858847975730896,0,0,0,-1,
1041,1.041,0.42823994159698486,0,0,0,-1,
1042,1.042,0.4279341399669647,0,0,0,-1,
1043,1.043,0.4277554750442505,0,0,0,-1,
1044,1.044,0.42748379707336426,0,0,0,-1,
1045,1.045,0.42697635293006897,0,0,0,-1,
1046,1.046,0.42633524537086487,0,0,0,-1,
1047,1.047,0.42524364590644836,0,0,0,-1,
1048,1.048,0.42388013005256653,0,0,0,-1,
1049,1.049,0.42219313979148865,0,0,0,-1,
1050,1.05,0.4207077622413635,0,0,0,-1,
1051,1.051,0.41922053694725037,0,0,0,-1,
1052,1.052,0.418078750371933,0,0,0,-1,
1053,1.053,0.4172922670841217,0,0,0,-1,
1054,1.054,0.41635850071907043,0,0,0,-1,
1055,1.055,0.4156670868396759,0,0,0,-1,
1056,1.056,0.41517361998558044,0,0,0,-1,
1057,1.057,0.4149467349052429,0,0,0,-1,
1058,1.058,0.41498228907585144,0,0,0,-1,
1059,1.059,0.4148876368999481,0,0,0,-1,
1060,1.06,0.41447970271110535,0,0,0,-1,
1061,1.061,0.41384807229042053,0,0,0,-1,
1062,1.062,0.41319918632507324,0,0,0,-1,
1063,1.063,0.4125790596008301,0,0,0,-1,
1064,1.064,0.41203397512435913,0,0,0,-1,
1065,1.065,0.4116365611553192,0,0,0,-1,
1066,1.066,0.41101089119911194,0,0,0,-1,
1067,1.067,0.4101070165634155,0,0,0,-1,
1068,1.068,0.409442663192749,0,0,0,-1,
1069,1.069,0.4088047444820404,0,0,0,-1,
1070,1.07,0.4083557426929474,0,0,0,-1,
1071,1.071,0.40802693367004395,0,0,0,-1,
1072,1.072,0.40800726413726807,0,0,0,-1,
1073,1.073,0.4082479178905487,0,0,0,-1,
1074,1.074,0.4083728790283203,0,0,0,-1,
1075,1.075,0.4087273180484772,0,0,0,-1,
1076,1.076,0.40914642810821533,0,0,0,-1,
1077,1.077,0.40973395109176636,0,0,0,-1,
1078,1.078,0.4105939269065857,0,0,0,-1,
1079,1.079,0.4113868474960327,0,0,0,-1,
1080,1.08,0.41189834475517273,0,0,0,-1,
1081,1.081,0.41215381026268005,0,0,0,-1,
1082,1.082,0.412107914686203,0,0,0,-1,
1083,1.083,0.4119874835014343,0,0,0,-1,
1084,1.084,0.41178739070892334,0,0,0,-1,
1085,1.085,0.41156095266342163,0,0,0,-1,
1086,1.086,0.4112558662891388,0,0,0,-1,
1087,1.087,0.41069185733795166,0,0,0,-1,
1088,1.088,0.4097883403301239,0,0,0,-1,
1089,1.089,0.40889501571655273,0,0,0,-1,
1090,1.09,0.4083879888057709,0,0,0,-1,
1091,1.091,0.40826937556266785,0,0,0,-1,
1092,1.092,0.4082474410533905,0,0,0,-1,
1093,1.093,0.4082491993904114,0,0,0,-1,
1094,1.094,0.40810999274253845,0,0,0,-1,
1095,1.095,0.4082232117652893,0,0,0,-1,
1096,1.096,0.408482164144516,0,0,0,-1,
1097,1.097,0.4088267385959625,0,0,0,-1,
1098,1.098,0.4094051420688629,0,0,0,-1,
1099,1.099,0.4098595976829529,0,0,0,-1,
1100,1.1,0.41005074977874756,0,0,0,-1,
1101,1.101,0.41012611985206604,0,0,0,-1,
1102,1.102,0.41036832332611084,0,0,0,-1,
1103,1.103,0.4107133448123932,0,0,0,-1,
1104,1.104,0.4113065302371979,0,0,0,-1,
1105,1.105,0.4117995798587799,0,0,0,-1,
1106,1.106,0.41221287846565247,0,0,0,-1,
1107,1.107,0.41229310631752014,0,0,0,-1,
1108,1.108,0.4121062159538269,0,0,0,-1,
1109,1.109,0.41186705231666565,0,0,0,-1,
1110,1.11,0.4117867648601532,0,0,0,-1,
1111,1.111,0.41170087456703186,0,0,0,-1,
1112,1.112,0.41167163848876953,0,0,0,-1,
1113,1.113,0.41159510612487793,0,0,0,-1,
1114,1.114,0.41155555844306946,0,0,0,-1,
1115,1.115,0.4117860794067383,0,0,0,-1,
1116,1.116,0.4120129346847534,0,0,0,-1,
1117,1.117,0.4123886227607727,0,0,0,-1,
1118,1.118,0.41293662786483765,0,0,0,-1,
1119,1.119,0.4133370816707611,0,0,0,-1,
1120,1.12,0.41355404257774353,0,0,0,-1,
1121,1.121,0.4138260781764984,0,0,0,-1,
1122,1.122,0.4140683114528656,0,0,0,-1,
1123,1.123,0.41423556208610535,0,0,0,-1,
1124,1.124,0.41436466574668884,0,0,0,-1,
1125,1.125,0.41437551379203796,0,0,0,-1,
1126,1.1260000000000001,0.4140164852142334,0,0,0,-1,
1127,1.127,0.413554847240448,0,0,0,-1,
1128,1.1280000000000001,0.412793904542923,0,0,0,-1,
1129,1.129,0.41197893023490906,0,0,0,-1,
1130,1.1300000000000001,0.4114070534706116,0,0,0,-1,
1131,1.131,0.41099271178245544,0,0,0,-1,
1132,1.1320000000000001,0.4105338752269745,0,0,0,-1,
1133,1.133,0.4100687801837921,0,0,0,-1,
1134,1.1340000000000001,0.40936577320098877,0,0,0,-1,
1135,1.135,0.4089736044406891,0,0,0,-1,
1136,1.1360000000000001,0.4088398218154907,0,0,0,-1,
1137,1.137,0.40894758701324463,0,0,0,-1,
1138,1.1380000000000001,0.40950390696525574,0,0,0,-1,
1139,1.139,0.41028761863708496,0,0,0,-1,
1140,1.1400000000000001,0.4109814763069153,0,0,0,-1,
1141,1.141,0.411610871553421,0,0,0,-1,
1142,1.1420000000000001,0.41230446100234985,0,0,0,-1,
1143,1.143,0.41292890906333923,0,0,0,-1,
1144,1.1440000000000001,0.4136001169681549,0,0,0,-1,
1145,1.145,0.41415131092071533,0,0,0,-1,
1146,1.1460000000000001,0.41449132561683655,0,0,0,-1,
1147,1.147,0.4143780469894409,0,0,0,-1,
1148,1.1480000000000001,0.41380512714385986,0,0,0,-1,
1149,1.149,0.41311001777648926,0,0,0,-1,
1150,1.1500000000000001,0.412576824426651,0,0,0,-1,
1151,1.151,0.4124630391597748,0,0,0,-1,
1152,1.1520000000000001,0.4124201536178589,0,0,0,-1,
1153,1.153,0.4122503995895386,0,0,0,-1,
1154,1.154,0.41188856959342957,0,0,0,-1,
1155,1.155,0.4118003845214844,0,0,0,-1,
1156,1.156,0.41204404830932617,0,0,0,-1,
1157,1.157,0.41247376799583435,0,0,0,-1,
1158,1.158,0.41333332657814026,0,0,0,-1,
1159,1.159,0.41414204239845276,0,0,0,-1,
1160,1.16,0.4147151708602905,0,0,0,-1,
1161,1.161,0.41503098607063293,0,0,0,-1,
1162,1.162,0.415309876203537,0,0,0,-1,
1163,1.163,0.41554373502731323,0,0,0,-1,
1164,1.164,0.4156706631183624,0,0,0,-1,
1165,1.165,0.41568276286125183,0,0,0,-1,
1166,1.166,0.415399432182312,0,0,0,-1,
1167,1.167,0.41466858983039856,0,0,0,-1,
1168,1.168,0.4138498306274414,0,0,0,-1,
1169,1.169,0.4133009910583496,0,0,0,-1,
1170,1.17,0.412837415933609,0,0,0,-1,
1171,1.171,0.4123484790325165,0,0,0,-1,
1172,1.172,0.41199737787246704,0,0,0,-1,
1173,1.173,0.41169869899749756,0,0,0,-1,
1174,1.174,0.41120579838752747,0,0,0,-1,
1175,1.175,0.4111027717590332,0,0,0,-1,
1176,1.176,0.4111626148223877,0,0,0,-1,
1177,1.177,0.4114859998226166,0,0,0,-1,
1178,1.178,0.4122638404369354,0,0,0,-1,
1179,1.179,0.41328293085098267,0,0,0,-1,
1180,1.18,0.41418972611427307,0,0,0,-1,
1181,1.181,0.4148736298084259,0,0,0,-1,
1182,1.182,0.41549989581108093,0,0,0,-1,
1183,1.183,0.41610467433929443,0,0,0,-1,
1184,1.184,0.41664889454841614,0,0,0,-1,
1185,1.185,0.4168863892555237,0,0,0,-1,
1186,1.186,0.41674935817718506,0,0,0,-1,
1187,1.187,0.4162199795246124,0,0,0,-1,
1188,1.188,0.4154476821422577,0,0,0,-1,
1189,1.189,0.4146244525909424,0,0,0,-1,
1190,1.19,0.41404423117637634,0,0,0,-1,
1191,1.191,0.41336488723754883,0,0,0,-1,
1192,1.192,0.4125959873199463,0,0,0,-1,
1193,1.193,0.41169363260269165,0,0,0,-1,
1194,1.194,0.41052889823913574,0,0,0,-1,
1195,1.195,0.40973591804504395,0,0,0,-1,
1196,1.196,0.4091911017894745,0,0,0,-1,
1197,1.197,0.4088241457939148,0,0,0,-1,
1198,1.198,0.4089139401912689,0,0,0,-1,
1199,1.199,0.4091740846633911,0,0,0,-1,
1200,1.2,0.4093743562698364,0,0,0,-1,
1201,1.201,0.4095197021961212,0,0,0,-1,
1202,1.202,0.40972471237182617,0,0,0,-1,
1203,1.203,0.4098876118659973,0,0,0,-1,
1204,1.204,0.4101889133453369,0,0,0,-1,
1205,1.205,0.4104052484035492,0,0,0,-1,
1206,1.206,0.41053467988967896,0,0,0,-1,
1207,1.207,0.4106847047805786,0,0,0,-1,
1208,1.208,0.41087281703948975,0,0,0,-1,
1209,1.209,0.4111207127571106,0,0,0,-1,
1210,1.21,0.4114297330379486,0,0,0,-1,
1211,1.211,0.41188687086105347,0,0,0,-1,
1212,1.212,0.4123370349407196,0,0,0,-1,
1213,1.213,0.4125577211380005,0,0,0,-1,
1214,1.214,0.4125990867614746,0,0,0,-1,
1215,1.215,0.4128676652908325,0,0,0,-1,
1216,1.216,0.41314131021499634,0,0,0,-1,
1217,1.217,0.41340941190719604,0,0,0,-1,
1218,1.218,0.41388246417045593,0,0,0,-1,
1219,1.219,0.41431036591529846,0,0,0,-1,
1220,1.22,0.414357453584671,0,0,0,-1,
1221,1.221,0.41403499245643616,0,0,0,-1,
1222,1.222,0.41367655992507935,0,0,0,-1,
1223,1.223,0.4133463501930237,0,0,0,-1,
1224,1.224,0.41307470202445984,0,0,0,-1,
1225,1.225,0.41267719864845276,0,0,0,-1,
1226,1.226,0.4121038615703583,0,0,0,-1,
1227,1.227,0.4114336669445038,0,0,0,-1,
1228,1.228,0.41059988737106323,0,0,0,-1,
1229,1.229,0.4099157154560089,0,0,0,-1,
1230,1.23,0.4094449281692505,0,0,0,-1,
1231,1.231,0.40910547971725464,0,0,0,-1,
1232,1.232,0.4088855981826782,0,0,0,-1,
1233,1.233,0.40861383080482483,0,0,0,-1,
1234,1.234,0.4081333577632904,0,0,0,-1,
1235,1.235,0.40799152851104736,0,0,0,-1,
1236,1.236,0.40813469886779785,0,0,0,-1,
1237,1.237,0.40854448080062866,0,0,0,-1,
1238,1.238,0.40920349955558777,0,0,0,-1,
1239,1.239,0.41010478138923645,0,0,0,-1,
1240,1.24,0.41083723306655884,0,0,0,-1,
1241,1.241,0.41150450706481934,0,0,0,-1,
1242,1.242,0.41215547919273376,0,0,0,-1,
1243,1.243,0.41265153884887695,0,0,0,-1,
1244,1.244,0.4131362736225128,0,0,0,-1,
1245,1.245,0.41339653730392456,0,0,0,-1,
1246,1.246,0.41320058703422546,0,0,0,-1,
1247,1.247,0.41266873478889465,0,0,0,-1,
1248,1.248,0.4119178354740143,0,0,0,-1,
1249,1.249,0.4115552604198456,0,0,0,-1,
1250,1.25,0.41113775968551636,0,0,0,-1,
1251,1.2510000000000001,0.4104670584201813,0,0,0,-1,
1252,1.252,0.40979424118995667,0,0,0,-1,
1253,1.2530000000000001,0.40921324491500854,0,0,0,-1,
1254,1.254,0.40852606296539307,0,0,0,-1,
1255,1.2550000000000001,0.40821418166160583,0,0,0,-1,
1256,1.256,0.4082803428173065,0,0,0,-1,
1257,1.2570000000000001,0.4088148772716522,0,0,0,-1,
1258,1.258,0.40992674231529236,0,0,0,-1,
1259,1.2590000000000001,0.4111166298389435,0,0,0,-1,
1260,1.26,0.4122287929058075,0,0,0,-1,
1261,1.2610000000000001,0.41324833035469055,0,0,0,-1,
1262,1.262,0.4142553210258484,0,0,0,-1,
1263,1.2630000000000001,0.41512471437454224,0,0,0,-1,
1264,1.264,0.41609251499176025,0,0,0,-1,
1265,1.2650000000000001,0.4167002737522125,0,0,0,-1,
1266,1.266,0.41683998703956604,0,0,0,-1,
1267,1.2670000000000001,0.4165738821029663,0,0,0,-1,
1268,1.268,0.415928453207016,0,0,0,-1,
1269,1.2690000000000001,0.4153020977973938,0,0,0,-1,
1270,1.27,0.4147423505783081,0,0,0,-1,
1271,1.2710000000000001,0.4141184091567993,0,0,0,-1,
1272,1.272,0.4134882390499115,0,0,0,-1,
1273,1.2730000000000001,0.4128057062625885,0,0,0,-1,
1274,1.274,0.41218242049217224,0,0,0,-1,
1275,1.2750000000000001,0.4120321273803711,0,0,0,-1,
1276,1.276,0.41228753328323364,0,0,0,-1,
1277,1.2770000000000001,0.4129581153392792,0,0,0,-1,
1278,1.278,0.41398778557777405,0,0,0,-1,
1279,1.2790000000000001,0.4149361848831177,0,0,0,-1,
1280,1.28,0.4156259596347809,0,0,0,-1,
1281,1.281,0.4160100519657135,0,0,0,-1,
1282,1.282,0.41643840074539185,0,0,0,-1,
1283,1.283,0.4168277382850647,0,0,0,-1,
1284,1.284,0.41738200187683105,0,0,0,-1,
1285,1.285,0.41791832447052,0,0,0,-1,
1286,1.286,0.4182552993297577,0,0,0,-1,
1287,1.287,0.41804251074790955,0,0,0,-1,
1288,1.288,0.4172412157058716,0,0,0,-1,
1289,1.289,0.41640087962150574,0,0,0,-1,
1290,1.29,0.41578859090805054,0,0,0,-1,
1291,1.291,0.4153578281402588,0,0,0,-1,
1292,1.292,0.4150175154209137,0,0,0,-1,
1293,1.293,0.41467776894569397,0,0,0,-1,
1294,1.294,0.4143456220626831,0,0,0,-1,
1295,1.295,0.41431599855422974,0,0,0,-1,
1296,1.296,0.4143467843532562,0,0,0,-1,
1297,1.297,0.41442370414733887,0,0,0,-1,
1298,1.298,0.4146948456764221,0,0,0,-1,
1299,1.299,0.4148727059364319,0,0,0,-1,
1300,1.3,0.41493284702301025,0,0,0,-1,
1301,1.301,0.41503584384918213,0,0,0,-1,
1302,1.302,0.4153047502040863,0,0,0,-1,
1303,1.303,0.4155953824520111,0,0,0,-1,
1304,1.304,0.415761798620224,0,0,0,-1,
1305,1.305,0.41570064425468445,0,0,0,-1,
1306,1.306,0.41533371806144714,0,0,0,-1,
1307,1.307,0.41466596722602844,0,0,0,-1,
1308,1.308,0.413820743560791,0,0,0,-1,
1309,1.309,0.4133540093898773,0,0,0,-1,
1310,1.31,0.4129875600337982,0,0,0,-1,
1311,1.311,0.41252562403678894,0,0,0,-1,
1312,1.312,0.41220298409461975,0,0,0,-1,
1313,1.313,0.4120127558708191,0,0,0,-1,
1314,1.314,0.41159430146217346,0,0,0,-1,
1315,1.315,0.41138413548469543,0,0,0,-1,
1316,1.316,0.41137373447418213,0,0,0,-1,
1317,1.317,0.41156214475631714,0,0,0,-1,
1318,1.318,0.4120897352695465,0,0,0,-1,
1319,1.319,0.412449449300766,0,0,0,-1,
1320,1.32,0.4125514030456543,0,0,0,-1,
1321,1.321,0.4125165343284607,0,0,0,-1,
1322,1.322,0.4125744104385376,0,0,0,-1,
1323,1.323,0.4125741720199585,0,0,0,-1,
1324,1.324,0.41264697909355164,0,0,0,-1,
1325,1.325,0.4125332534313202,0,0,0,-1,
1326,1.326,0.41225284337997437,0,0,0,-1,
1327,1.327,0.4118463397026062,0,0,0,-1,
1328,1.328,0.4113613963127136,0,0,0,-1,
1329,1.329,0.41076594591140747,0,0,0,-1,
1330,1.33,0.41036325693130493,0,0,0,-1,
1331,1.331,0.41051724553108215,0,0,0,-1,
1332,1.332,0.41090092062950134,0,0,0,-1,
1333,1.333,0.4112917482852936,0,0,0,-1,
1334,1.334,0.41164931654930115,0,0,0,-1,
1335,1.335,0.412265807390213,0,0,0,-1,
1336,1.336,0.41281017661094666,0,0,0,-1,
1337,1.337,0.4133138656616211,0,0,0,-1,
1338,1.338,0.41404157876968384,0,0,0,-1,
1339,1.339,0.4146308898925781,0,0,0,-1,
1340,1.34,0.4148319959640503,0,0,0,-1,
1341,1.341,0.4148045778274536,0,0,0,-1,
1342,1.342,0.4147101640701294,0,0,0,-1,
1343,1.343,0.41463786363601685,0,0,0,-1,
1344,1.344,0.41463759541511536,0,0,0,-1,
1345,1.345,0.4144636392593384,0,0,0,-1,
1346,1.346,0.4140903651714325,0,0,0,-1,
1347,1.347,0.41350096464157104,0,0,0,-1,
1348,1.348,0.4128061830997467,0,0,0,-1,
1349,1.349,0.41211581230163574,0,0,0,-1,
1350,1.35,0.4113618731498718,0,0,0,-1,
1351,1.351,0.41084522008895874,0,0,0,-1,
1352,1.352,0.410645067691803,0,0,0,-1,
1353,1.353,0.41060808300971985,0,0,0,-1,
1354,1.354,0.4105333089828491,0,0,0,-1,
1355,1.355,0.41068604588508606,0,0,0,-1,
1356,1.356,0.4109196066856384,0,0,0,-1,
1357,1.357,0.4114014804363251,0,0,0,-1,
1358,1.358,0.41225793957710266,0,0,0,-1,
1359,1.359,0.4128947854042053,0,0,0,-1,
1360,1.36,0.41326212882995605,0,0,0,-1,
1361,1.361,0.41350439190864563,0,0,0,-1,
1362,1.362,0.41376301646232605,0,0,0,-1,
1363,1.363,0.41396498680114746,0,0,0,-1,
1364,1.364,0.4142649173736572,0,0,0,-1,
1365,1.365,0.41445332765579224,0,0,0,-1,
1366,1.366,0.4145704209804535,0,0,0,-1,
1367,1.367,0.4145240783691406,0,0,0,-1,
1368,1.368,0.4141707718372345,0,0,0,-1,
1369,1.369,0.41376006603240967,0,0,0,-1,
1370,1.37,0.41377443075180054,0,0,0,-1,
1371,1.371,0.4139496982097626,0,0,0,-1,
1372,1.372,0.41403013467788696,0,0,0,-1,
1373,1.373,0.4138635993003845,0,0,0,-1,
1374,1.374,0.4135952293872833,0,0,0,-1,
1375,1.375,0.4135245680809021,0,0,0,-1,
1376,1.3760000000000001,0.41345250606536865,0,0,0,-1,
1377,1.377,0.41361814737319946,0,0,0,-1,
1378,1.3780000000000001,0.41417092084884644,0,0,0,-1,
1379,1.379,0.4146634340286255,0,0,0,-1,
1380,1.3800000000000001,0.4149845540523529,0,0,0,-1,
1381,1.381,0.41532671451568604,0,0,0,-1,
1382,1.3820000000000001,0.41586068272590637,0,0,0,-1,
1383,1.383,0.41638249158859253,0,0,0,-1,
1384,1.3840000000000001,0.4168964624404907,0,0,0,-1,
1385,1.385,0.41711026430130005,0,0,0,-1,
1386,1.3860000000000001,0.41686543822288513,0,0,0,-1,
1387,1.387,0.4164515733718872,0,0,0,-1,
1388,1.3880000000000001,0.41583186388015747,0,0,0,-1,
1389,1.389,0.41528230905532837,0,0,0,-1,
1390,1.3900000000000001,0.4149324595928192,0,0,0,-1,
1391,1.391,0.41458261013031006,0,0,0,-1,
1392,1.3920000000000001,0.4142555296421051,0,0,0,-1,
1393,1.393,0.4139597415924072,0,0,0,-1,
1394,1.3940000000000001,0.4133290946483612,0,0,0,-1,
1395,1.395,0.4128578007221222,0,0,0,-1,
1396,1.3960000000000001,0.412589430809021,0,0,0,-1,
1397,1.397,0.41221725940704346,0,0,0,-1,
1398,1.3980000000000001,0.41204914450645447,0,0,0,-1,
1399,1.399,0.41225430369377136,0,0,0,-1,
1400,1.4000000000000001,0.4124315083026886,0,0,0,-1,
1401,1.401,0.41255468130111694,0,0,0,-1,
1402,1.4020000000000001,0.4127042293548584,0,0,0,-1,
1403,1.403,0.4127863943576813,0,0,0,-1,
1404,1.4040000000000001,0.4131423234939575,0,0,0,-1,
1405,1.405,0.41334399580955505,0,0,0,-1,
1406,1.4060000000000001,0.41329577565193176,0,0,0,-1,
1407,1.407,0.4130619764328003,0,0,0,-1,
1408,1.408,0.4127400517463684,0,0,0,-1,
1409,1.409,0.41243553161621094,0,0,0,-1,
1410,1.41,0.4122147560119629,0,0,0,-1,
1411,1.411,0.412192702293396,0,0,0,-1,
1412,1.412,0.4121522903442383,0,0,0,-1,
1413,1.413,0.41203948855400085,0,0,0,-1,
1414,1.414,0.41174355149269104,0,0,0,-1,
1415,1.415,0.41156280040740967,0,0,0,-1,
1416,1.416,0.4115665555000305,0,0,0,-1,
1417,1.417,0.41172197461128235,0,0,0,-1,
1418,1.418,0.41209396719932556,0,0,0,-1,
1419,1.419,0.41225218772888184,0,0,0,-1,
1420,1.42,0.412273645401001,0,0,0,-1,
1421,1.421,0.4123331308364868,0,0,0,-1,
1422,1.422,0.41252291202545166,0,0,0,-1,
1423,1.423,0.4127175509929657,0,0,0,-1,
1424,1.424,0.4130060076713562,0,0,0,-1,
1425,1.425,0.41321274638175964,0,0,0,-1,
1426,1.426,0.41317135095596313,0,0,0,-1,
1427,1.427,0.41300514340400696,0,0,0,-1,
1428,1.428,0.41261154413223267,0,0,0,-1,
1429,1.429,0.41231754422187805,0,0,0,-1,
1430,1.43,0.41223642230033875,0,0,0,-1,
1431,1.431,0.41231265664100647,0,0,0,-1,
1432,1.432,0.4123924970626831,0,0,0,-1,
1433,1.433,0.4123305678367615,0,0,0,-1,
1434,1.434,0.4122101366519928,0,0,0,-1,
1435,1.435,0.41231271624565125,0,0,0,-1,
1436,1.436,0.4126001298427582,0,0,0,-1,
1437,1.437,0.4129292368888855,0,0,0,-1,
1438,1.438,0.4135505259037018,0,0,0,-1,
1439,1.439,0.4141366183757782,0,0,0,-1,
1440,1.44,0.41448551416397095,0,0,0,-1,
1441,1.441,0.414639413356781,0,0,0,-1,
1442,1.442,0.4146758019924164,0,0,0,-1,
1443,1.443,0.414730042219162,0,0,0,-1,
1444,1.444,0.4150821566581726,0,0,0,-1,
1445,1.445,0.41547709703445435,0,0,0,-1,
1446,1.446,0.41575393080711365,0,0,0,-1,
1447,1.447,0.4157852828502655,0,0,0,-1,
1448,1.448,0.41553404927253723,0,0,0,-1,
1449,1.449,0.41521382331848145,0,0,0,-1,
1450,1.45,0.4149046242237091,0,0,0,-1,
1451,1.451,0.41471508145332336,0,0,0,-1,
1452,1.452,0.4145174026489258,0,0,0,-1,
1453,1.453,0.4141921401023865,0,0,0,-1,
1454,1.454,0.4136528968811035,0,0,0,-1,
1455,1.455,0.4134352505207062,0,0,0,-1,
1456,1.456,0.4133959710597992,0,0,0,-1,
1457,1.457,0.4134730100631714,0,0,0,-1,
1458,1.458,0.41364237666130066,0,0,0,-1,
1459,1.459,0.41355958580970764,0,0,0,-1,
1460,1.46,0.4131069779396057,0,0,0,-1,
1461,1.461,0.41238507628440857,0,0,0,-1,
1462,1.462,0.4118337035179138,0,0,0,-1,
1463,1.463,0.41154229640960693,0,0,0,-1,
1464,1.464,0.411345899105072,0,0,0,-1,
1465,1.465,0.41110196709632874,0,0,0,-1,
1466,1.466,0.41056686639785767,0,0,0,-1,
1467,1.467,0.4097904860973358,0,0,0,-1,
1468,1.468,0.4088769555091858,0,0,0,-1,
1469,1.469,0.4079912304878235,0,0,0,-1,
1470,1.47,0.40732723474502563,0,0,0,-1,
1471,1.471,0.40677300095558167,0,0,0,-1,
1472,1.472,0.4063146114349365,0,0,0,-1,
1473,1.473,0.40603771805763245,0,0,0,-1,
1474,1.474,0.40572768449783325,0,0,0,-1,
1475,1.475,0.4055527150630951,0,0,0,-1,
1476,1.476,0.40556854009628296,0,0,0,-1,
1477,1.477,0.40568670630455017,0,0,0,-1,
1478,1.478,0.40608152747154236,0,0,0,-1,
1479,1.479,0.40636691451072693,0,0,0,-1,
1480,1.48,0.4065106511116028,0,0,0,-1,
1481,1.481,0.4067732095718384,0,0,0,-1,
1482,1.482,0.40699711441993713,0,0,0,-1,
1483,1.483,0.4071318507194519,0,0,0,-1,
1484,1.484,0.4071108102798462,0,0,0,-1,
1485,1.485,0.40700602531433105,0,0,0,-1,
1486,1.486,0.40670767426490784,0,0,0,-1,
1487,1.487,0.40599238872528076,0,0,0,-1,
1488,1.488,0.40494096279144287,0,0,0,-1,
1489,1.489,0.40388962626457214,0,0,0,-1,
1490,1.49,0.4028779864311218,0,0,0,-1,
1491,1.491,0.40229904651641846,0,0,0,-1,
1492,1.492,0.40186551213264465,0,0,0,-1,
1493,1.493,0.4014832079410553,0,0,0,-1,
1494,1.494,0.40100422501564026,0,0,0,-1,
1495,1.495,0.4006844460964203,0,0,0,-1,
1496,1.496,0.4004867374897003,0,0,0,-1,
1497,1.497,0.40063077211380005,0,0,0,-1,
1498,1.498,0.4009832441806793,0,0,0,-1,
1499,1.499,0.4013230502605438,0,0,0,-1,
1500,1.5,0.4019418954849243,0,0,0,-1,
1501,1.5010000000000001,0.4025496542453766,0,0,0,-1,
1502,1.502,0.40296778082847595,0,0,0,-1,
1503,1.5030000000000001,0.40327611565589905,0,0,0,-1,
1504,1.504,0.40361395478248596,0,0,0,-1,
1505,1.5050000000000001,0.4039413630962372,0,0,0,-1,
1506,1.506,0.40417447686195374,0,0,0,-1,
1507,1.5070000000000001,0.40431758761405945,0,0,0,-1,
1508,1.508,0.40437665581703186,0,0,0,-1,
1509,1.5090000000000001,0.4046250581741333,0,0,0,-1,
1510,1.51,0.40490493178367615,0,0,0,-1,
1511,1.5110000000000001,0.40546661615371704,0,0,0,-1,
1512,1.512,0.4063103199005127,0,0,0,-1,
1513,1.5130000000000001,0.40734779834747314,0,0,0,-1,
1514,1.514,0.40861058235168457,0,0,0,-1,
1515,1.5150000000000001,0.4101118743419647,0,0,0,-1,
1516,1.516,0.4118729531764984,0,0,0,-1,
1517,1.5170000000000001,0.4141583740711212,0,0,0,-1,
1518,1.518,0.41699010133743286,0,0,0,-1,
1519,1.5190000000000001,0.42013609409332275,0,0,0,-1,
1520,1.52,0.42345619201660156,0,0,0,-1,
1521,1.5210000000000001,0.4271628260612488,0,0,0,-1,
1522,1.522,0.4304720461368561,0,0,0,-1,
1523,1.5230000000000001,0.43331485986709595,0,0,0,-1,
1524,1.524,0.4361323416233063,0,0,0,-1,
1525,1.5250000000000001,0.4386864900588989,0,0,0,-1,
1526,1.526,0.4404805302619934,0,0,0,-1,
1527,1.5270000000000001,0.44145888090133667,0,0,0,-1,
1528,1.528,0.44196394085884094,0,0,0,-1,
1529,1.5290000000000001,0.4426400661468506,0,0,0,-1,
1530,1.53,0.44354167580604553,0,0,0,-1,
1531,1.5310000000000001,0.4446291923522949,0,0,0,-1,
1532,1.532,0.4455564022064209,0,0,0,-1,
1533,1.5330000000000001,0.4462539255619049,0,0,0,-1,
1534,1.534,0.44684526324272156,0,0,0,-1,
1535,1.5350000000000001,0.44761043787002563,0,0,0,-1,
1536,1.536,0.44823822379112244,0,0,0,-1,
1537,1.537,0.44883444905281067,0,0,0,-1,
1538,1.538,0.4494868814945221,0,0,0,-1,
1539,1.539,0.44974154233932495,0,0,0,-1,
1540,1.54,0.44937753677368164,0,0,0,-1,
1541,1.541,0.4486474096775055,0,0,0,-1,
1542,1.542,0.4476664364337921,0,0,0,-1,
1543,1.543,0.44645988941192627,0,0,0,-1,
1544,1.544,0.4448423683643341,0,0,0,-1,
1545,1.545,0.4429159164428711,0,0,0,-1,
1546,1.546,0.44045063853263855,0,0,0,-1,
1547,1.547,0.4371546506881714,0,0,0,-1,
1548,1.548,0.43376636505126953,0,0,0,-1,
1549,1.549,0.4303048849105835,0,0,0,-1,
1550,1.55,0.42696478962898254,0,0,0,-1,
1551,1.551,0.4235294759273529,0,0,0,-1,
1552,1.552,0.42059797048568726,0,0,0,-1,
1553,1.553,0.41805559396743774,0,0,0,-1,
1554,1.554,0.4154318571090698,0,0,0,-1,
1555,1.555,0.4129830002784729,0,0,0,-1,
1556,1.556,0.4109152853488922,0,0,0,-1,
1557,1.557,0.409027636051178,0,0,0,-1,
1558,1.558,0.40749314427375793,0,0,0,-1,
1559,1.559,0.4061380624771118,0,0,0,-1,
1560,1.56,0.4046897292137146,0,0,0,-1,
1561,1.561,0.40371009707450867,0,0,0,-1,
1562,1.562,0.40294143557548523,0,0,0,-1,
1563,1.563,0.4021986424922943,0,0,0,-1,
1564,1.564,0.4014717638492584,0,0,0,-1,
1565,1.565,0.4008208215236664,0,0,0,-1,
1566,1.566,0.4000761806964874,0,0,0,-1,
1567,1.567,0.3990258276462555,0,0,0,-1,
1568,1.568,0.398199200630188,0,0,0,-1,
1569,1.569,0.3974645137786865,0,0,0,-1,
1570,1.57,0.39679935574531555,0,0,0,-1,
1571,1.571,0.39607271552085876,0,0,0,-1,
1572,1.572,0.39546576142311096,0,0,0,-1,
1573,1.573,0.3949935734272003,0,0,0,-1,
1574,1.574,0.3945205807685852,0,0,0,-1,
1575,1.575,0.39429718255996704,0,0,0,-1,
1576,1.576,0.3943438231945038,0,0,0,-1,
1577,1.577,0.3946755826473236,0,0,0,-1,
1578,1.578,0.395264595746994,0,0,0,-1,
1579,1.579,0.3958345353603363,0,0,0,-1,
1580,1.58,0.3963448107242584,0,0,0,-1,
1581,1.581,0.3968663215637207,0,0,0,-1,
1582,1.582,0.3975355625152588,0,0,0,-1,
1583,1.583,0.3980676233768463,0,0,0,-1,
1584,1.584,0.39844629168510437,0,0,0,-1,
1585,1.585,0.39867839217185974,0,0,0,-1,
1586,1.586,0.3987225592136383,0,0,0,-1,
1587,1.587,0.39848029613494873,0,0,0,-1,
1588,1.588,0.3980124592781067,0,0,0,-1,
1589,1.589,0.3974326550960541,0,0,0,-1,
1590,1.59,0.3970857560634613,0,0,0,-1,
1591,1.591,0.39696797728538513,0,0,0,-1,
1592,1.592,0.3970564305782318,0,0,0,-1,
1593,1.593,0.39731404185295105,0,0,0,-1,
1594,1.594,0.39745745062828064,0,0,0,-1,
1595,1.595,0.3978285789489746,0,0,0,-1,
1596,1.596,0.39836758375167847,0,0,0,-1,
1597,1.597,0.3991086781024933,0,0,0,-1,
1598,1.598,0.400086909532547,0,0,0,-1,
1599,1.599,0.4011107087135315,0,0,0,-1,
1600,1.6,0.4020020067691803,0,0,0,-1,
1601,1.601,0.40272247791290283,0,0,0,-1,
1602,1.602,0.403107225894928,0,0,0,-1,
1603,1.603,0.4033060669898987,0,0,0,-1,
1604,1.604,0.4033626616001129,0,0,0,-1,
1605,1.605,0.40334078669548035,0,0,0,-1,
1606,1.606,0.4031851887702942,0,0,0,-1,
1607,1.607,0.40286728739738464,0,0,0,-1,
1608,1.608,0.40251192450523376,0,0,0,-1,
1609,1.609,0.4024184048175812,0,0,0,-1,
1610,1.61,0.4025565981864929,0,0,0,-1,
1611,1.611,0.4028674364089966,0,0,0,-1,
1612,1.612,0.40320029854774475,0,0,0,-1,
1613,1.613,0.4035746455192566,0,0,0,-1,
1614,1.614,0.40386655926704407,0,0,0,-1,
1615,1.615,0.404391884803772,0,0,0,-1,
1616,1.616,0.40495800971984863,0,0,0,-1,
1617,1.617,0.405802845954895,0,0,0,-1,
1618,1.618,0.40688854455947876,0,0,0,-1,
1619,1.619,0.4078720510005951,0,0,0,-1,
1620,1.62,0.4086170792579651,0,0,0,-1,
1621,1.621,0.40923649072647095,0,0,0,-1,
1622,1.622,0.40972810983657837,0,0,0,-1,
1623,1.623,0.41007086634635925,0,0,0,-1,
1624,1.624,0.41028517484664917,0,0,0,-1,
1625,1.625,0.410317987203598,0,0,0,-1,
1626,1.6260000000000001,0.4101890027523041,0,0,0,-1,
1627,1.627,0.409920334815979,0,0,0,-1,
1628,1.6280000000000001,0.4093813896179199,0,0,0,-1,
1629,1.629,0.4085763990879059,0,0,0,-1,
1630,1.6300000000000001,0.4078754782676697,0,0,0,-1,
1631,1.631,0.4074901342391968,0,0,0,-1,
1632,1.6320000000000001,0.4074438214302063,0,0,0,-1,
1633,1.633,0.40753835439682007,0,0,0,-1,
1634,1.6340000000000001,0.4073750972747803,0,0,0,-1,
1635,1.635,0.4074138104915619,0,0,0,-1,
1636,1.6360000000000001,0.4074997007846832,0,0,0,-1,
1637,1.637,0.4076581299304962,0,0,0,-1,
1638,1.6380000000000001,0.4080510139465332,0,0,0,-1,
1639,1.639,0.40831223130226135,0,0,0,-1,
1640,1.6400000000000001,0.40844467282295227,0,0,0,-1,
1641,1.641,0.4084669053554535,0,0,0,-1,
1642,1.6420000000000001,0.4081818163394928,0,0,0,-1,
1643,1.643,0.4079279601573944,0,0,0,-1,
1644,1.6440000000000001,0.4077506959438324,0,0,0,-1,
1645,1.645,0.4075019955635071,0,0,0,-1,
1646,1.6460000000000001,0.4070122241973877,0,0,0,-1,
1647,1.647,0.40624698996543884,0,0,0,-1,
1648,1.6480000000000001,0.40543854236602783,0,0,0,-1,
1649,1.649,0.40492141246795654,0,0,0,-1,
1650,1.6500000000000001,0.40466681122779846,0,0,0,-1,
1651,1.651,0.4044933617115021,0,0,0,-1,
1652,1.6520000000000001,0.4045383036136627,0,0,0,-1,
1653,1.653,0.4046325385570526,0,0,0,-1,
1654,1.6540000000000001,0.40459537506103516,0,0,0,-1,
1655,1.655,0.40471652150154114,0,0,0,-1,
1656,1.6560000000000001,0.4049178659915924,0,0,0,-1,
1657,1.657,0.40496864914894104,0,0,0,-1,
1658,1.6580000000000001,0.40515148639678955,0,0,0,-1,
1659,1.659,0.4052823483943939,0,0,0,-1,
1660,1.6600000000000001,0.4051021933555603,0,0,0,-1,
1661,1.661,0.4048190712928772,0,0,0,-1,
1662,1.6620000000000001,0.4046953618526459,0,0,0,-1,
1663,1.663,0.4047205150127411,0,0,0,-1,
1664,1.6640000000000001,0.404874712228775,0,0,0,-1,
1665,1.665,0.4049781560897827,0,0,0,-1,
1666,1.666,0.4050878584384918,0,0,0,-1,
1667,1.667,0.40512222051620483,0,0,0,-1,
1668,1.668,0.40490907430648804,0,0,0,-1,
1669,1.669,0.40485742688179016,0,0,0,-1,
1670,1.67,0.40504443645477295,0,0,0,-1,
1671,1.671,0.4052155911922455,0,0,0,-1,
1672,1.672,0.4053249955177307,0,0,0,-1,
1673,1.673,0.4052492678165436,0,0,0,-1,
1674,1.674,0.40488484501838684,0,0,0,-1,
1675,1.675,0.4045875370502472,0,0,0,-1,
1676,1.676,0.40431398153305054,0,0,0,-1,
1677,1.677,0.404256135225296,0,0,0,-1,
1678,1.678,0.4045027792453766,0,0,0,-1,
1679,1.679,0.4047943353652954,0,0,0,-1,
1680,1.68,0.40501150488853455,0,0,0,-1,
1681,1.681,0.4053482711315155,0,0,0,-1,
1682,1.682,0.40579691529273987,0,0,0,-1,
1683,1.683,0.40628907084465027,0,0,0,-1,
1684,1.684,0.4068719744682312,0,0,0,-1,
1685,1.685,0.407414048910141,0,0,0,-1,
1686,1.686,0.4076652526855469,0,0,0,-1,
1687,1.687,0.40759414434432983,0,0,0,-1,
1688,1.688,0.40725889801979065,0,0,0,-1,
1689,1.689,0.40686124563217163,0,0,0,-1,
1690,1.69,0.40654265880584717,0,0,0,-1,
1691,1.691,0.40620455145835876,0,0,0,-1,
1692,1.692,0.4058178961277008,0,0,0,-1,
1693,1.693,0.40544867515563965,0,0,0,-1,
1694,1.694,0.4049653708934784,0,0,0,-1,
1695,1.695,0.4046931266784668,0,0,0,-1,
1696,1.696,0.4045546054840088,0,0,0,-1,
1697,1.697,0.4045383632183075,0,0,0,-1,
1698,1.698,0.4048057794570923,0,0,0,-1,
1699,1.699,0.4051327407360077,0,0,0,-1,
1700,1.7,0.4053489863872528,0,0,0,-1,
1701,1.701,0.4055872857570648,0,0,0,-1,
1702,1.702,0.40589722990989685,0,0,0,-1,
1703,1.703,0.40621253848075867,0,0,0,-1,
1704,1.704,0.4067364037036896,0,0,0,-1,
1705,1.705,0.4071487486362457,0,0,0,-1,
1706,1.706,0.4072800874710083,0,0,0,-1,
1707,1.707,0.4070790410041809,0,0,0,-1,
1708,1.708,0.4067370295524597,0,0,0,-1,
1709,1.709,0.4064585864543915,0,0,0,-1,
1710,1.71,0.4063851237297058,0,0,0,-1,
1711,1.711,0.40647467970848083,0,0,0,-1,
1712,1.712,0.4065444767475128,0,0,0,-1,
1713,1.713,0.40652698278427124,0,0,0,-1,
1714,1.714,0.4062710404396057,0,0,0,-1,
1715,1.715,0.40611305832862854,0,0,0,-1,
1716,1.716,0.40599653124809265,0,0,0,-1,
1717,1.717,0.40598931908607483,0,0,0,-1,
1718,1.718,0.40621259808540344,0,0,0,-1,
1719,1.719,0.4064963459968567,0,0,0,-1,
1720,1.72,0.4067774713039398,0,0,0,-1,
1721,1.721,0.40707114338874817,0,0,0,-1,
1722,1.722,0.4072364866733551,0,0,0,-1,
1723,1.723,0.4073604643344879,0,0,0,-1,
1724,1.724,0.4076487720012665,0,0,0,-1,
1725,1.725,0.40798303484916687,0,0,0,-1,
1726,1.726,0.4081384241580963,0,0,0,-1,
1727,1.727,0.40808814764022827,0,0,0,-1,
1728,1.728,0.40797385573387146,0,0,0,-1,
1729,1.729,0.40775856375694275,0,0,0,-1,
1730,1.73,0.4072822034358978,0,0,0,-1,
1731,1.731,0.4068567454814911,0,0,0,-1,
1732,1.732,0.40652233362197876,0,0,0,-1,
1733,1.733,0.4063618779182434,0,0,0,-1,
1734,1.734,0.40637314319610596,0,0,0,-1,
1735,1.735,0.4066137671470642,0,0,0,-1,
1736,1.736,0.40704721212387085,0,0,0,-1,
1737,1.737,0.40787750482559204,0,0,0,-1,
1738,1.738,0.40884819626808167,0,0,0,-1,
1739,1.739,0.4095863997936249,0,0,0,-1,
1740,1.74,0.4099048972129822,0,0,0,-1,
1741,1.741,0.41003382205963135,0,0,0,-1,
1742,1.742,0.41029831767082214,0,0,0,-1,
1743,1.743,0.4103766679763794,0,0,0,-1,
1744,1.744,0.4106520414352417,0,0,0,-1,
1745,1.745,0.41091758012771606,0,0,0,-1,
1746,1.746,0.4110479950904846,0,0,0,-1,
1747,1.747,0.41099900007247925,0,0,0,-1,
1748,1.748,0.41074520349502563,0,0,0,-1,
1749,1.749,0.41058364510536194,0,0,0,-1,
1750,1.75,0.4104163348674774,0,0,0,-1,
1751,1.7510000000000001,0.4101393222808838,0,0,0,-1,
1752,1.752,0.409912109375,0,0,0,-1,
1753,1.7530000000000001,0.4097231924533844,0,0,0,-1,
1754,1.754,0.409294068813324,0,0,0,-1,
1755,1.7550000000000001,0.4089420437812805,0,0,0,-1,
1756,1.756,0.4086567461490631,0,0,0,-1,
1757,1.7570000000000001,0.4083206355571747,0,0,0,-1,
1758,1.758,0.40826213359832764,0,0,0,-1,
1759,1.7590000000000001,0.4082143008708954,0,0,0,-1,
1760,1.76,0.4079110622406006,0,0,0,-1,
1761,1.7610000000000001,0.40768977999687195,0,0,0,-1,
1762,1.762,0.4076189398765564,0,0,0,-1,
1763,1.7630000000000001,0.4077025055885315,0,0,0,-1,
1764,1.764,0.4081825911998749,0,0,0,-1,
1765,1.7650000000000001,0.40878579020500183,0,0,0,-1,
1766,1.766,0.40932929515838623,0,0,0,-1,
1767,1.7670000000000001,0.40968722105026245,0,0,0,-1,
1768,1.768,0.4097839891910553,0,0,0,-1,
1769,1.7690000000000001,0.4096190929412842,0,0,0,-1,
1770,1.77,0.40939193964004517,0,0,0,-1,
1771,1.7710000000000001,0.40942078828811646,0,0,0,-1,
1772,1.772,0.40950945019721985,0,0,0,-1,
1773,1.7730000000000001,0.4093798100948334,0,0,0,-1,
1774,1.774,0.408865362405777,0,0,0,-1,
1775,1.7750000000000001,0.4083685874938965,0,0,0,-1,
1776,1.776,0.40796518325805664,0,0,0,-1,
1777,1.7770000000000001,0.4077417850494385,0,0,0,-1,
1778,1.778,0.40777787566185,0,0,0,-1,
1779,1.7790000000000001,0.4078880548477173,0,0,0,-1,
1780,1.78,0.40793582797050476,0,0,0,-1,
1781,1.7810000000000001,0.40803465247154236,0,0,0,-1,
1782,1.782,0.40822285413742065,0,0,0,-1,
1783,1.7830000000000001,0.4084153473377228,0,0,0,-1,
1784,1.784,0.40880194306373596,0,0,0,-1,
1785,1.7850000000000001,0.40914395451545715,0,0,0,-1,
1786,1.786,0.40932634472846985,0,0,0,-1,
1787,1.7870000000000001,0.4094122350215912,0,0,0,-1,
1788,1.788,0.4093666970729828,0,0,0,-1,
1789,1.7890000000000001,0.4092043936252594,0,0,0,-1,
1790,1.79,0.4091535210609436,0,0,0,-1,
1791,1.7910000000000001,0.40922707319259644,0,0,0,-1,
1792,1.792,0.4093565344810486,0,0,0,-1,
1793,1.793,0.40926796197891235,0,0,0,-1,
1794,1.794,0.4089216887950897,0,0,0,-1,
1795,1.795,0.4087256193161011,0,0,0,-1,
1796,1.796,0.40857499837875366,0,0,0,-1,
1797,1.797,0.40854746103286743,0,0,0,-1,
1798,1.798,0.40879103541374207,0,0,0,-1,
1799,1.799,0.40890973806381226,0,0,0,-1,
1800,1.8,0.4087272584438324,0,0,0,-1,
1801,1.801,0.40842682123184204,0,0,0,-1,
1802,1.802,0.40829119086265564,0,0,0,-1,
1803,1.803,0.4083713889122009,0,0,0,-1,
1804,1.804,0.40869027376174927,0,0,0,-1,
1805,1.805,0.40890756249427795,0,0,0,-1,
1806,1.806,0.40887656807899475,0,0,0,-1,
1807,1.807,0.4087156653404236,0,0,0,-1,
1808,1.808,0.4086560904979706,0,0,0,-1,
1809,1.809,0.4085860848426819,0,0,0,-1,
1810,1.81,0.4085575342178345,0,0,0,-1,
1811,1.811,0.4084782004356384,0,0,0,-1,
1812,1.812,0.40837594866752625,0,0,0,-1,
1813,1.813,0.4081942141056061,0,0,0,-1,
1814,1.814,0.407860666513443,0,0,0,-1,
1815,1.815,0.4077737033367157,0,0,0,-1,
1816,1.816,0.40786978602409363,0,0,0,-1,
1817,1.817,0.40815237164497375,0,0,0,-1,
1818,1.818,0.4086032807826996,0,0,0,-1,
1819,1.819,0.4088877737522125,0,0,0,-1,
1820,1.82,0.4089708924293518,0,0,0,-1,
1821,1.821,0.40899553894996643,0,0,0,-1,
1822,1.822,0.40883904695510864,0,0,0,-1,
1823,1.823,0.4086157977581024,0,0,0,-1,
1824,1.824,0.40837907791137695,0,0,0,-1,
1825,1.825,0.40802860260009766,0,0,0,-1,
1826,1.826,0.4075872302055359,0,0,0,-1,
1827,1.827,0.40716567635536194,0,0,0,-1,
1828,1.828,0.4066380262374878,0,0,0,-1,
1829,1.829,0.4060218036174774,0,0,0,-1,
1830,1.83,0.40571126341819763,0,0,0,-1,
1831,1.831,0.4055582880973816,0,0,0,-1,
1832,1.832,0.40554356575012207,0,0,0,-1,
1833,1.833,0.4055236876010895,0,0,0,-1,
1834,1.834,0.40533408522605896,0,0,0,-1,
1835,1.835,0.40534278750419617,0,0,0,-1,
1836,1.836,0.4055372476577759,0,0,0,-1,
1837,1.837,0.40594562888145447,0,0,0,-1,
1838,1.838,0.4065321981906891,0,0,0,-1,
1839,1.839,0.40685027837753296,0,0,0,-1,
1840,1.84,0.4068358540534973,0,0,0,-1,
1841,1.841,0.4067707061767578,0,0,0,-1,
1842,1.842,0.40686294436454773,0,0,0,-1,
1843,1.843,0.4070093631744385,0,0,0,-1,
1844,1.844,0.4071938991546631,0,0,0,-1,
1845,1.845,0.4073452055454254,0,0,0,-1,
1846,1.846,0.40736475586891174,0,0,0,-1,
1847,1.847,0.4072171449661255,0,0,0,-1,
1848,1.848,0.40698710083961487,0,0,0,-1,
1849,1.849,0.4066731333732605,0,0,0,-1,
1850,1.85,0.40636101365089417,0,0,0,-1,
1851,1.851,0.40630489587783813,0,0,0,-1,
1852,1.852,0.4064645767211914,0,0,0,-1,
1853,1.853,0.40660858154296875,0,0,0,-1,
1854,1.854,0.40652525424957275,0,0,0,-1,
1855,1.855,0.40641161799430847,0,0,0,-1,
1856,1.856,0.40624797344207764,0,0,0,-1,
1857,1.857,0.40616852045059204,0,0,0,-1,
1858,1.858,0.406445175409317,0,0,0,-1,
1859,1.859,0.4066666066646576,0,0,0,-1,
1860,1.86,0.4066959321498871,0,0,0,-1,
1861,1.861,0.40679603815078735,0,0,0,-1,
1862,1.862,0.4068939983844757,0,0,0,-1,
1863,1.863,0.40707454085350037,0,0,0,-1,
1864,1.864,0.4073091149330139,0,0,0,-1,
1865,1.865,0.4073670506477356,0,0,0,-1,
1866,1.866,0.40715673565864563,0,0,0,-1,
1867,1.867,0.40676721930503845,0,0,0,-1,
1868,1.868,0.40636202692985535,0,0,0,-1,
1869,1.869,0.40624159574508667,0,0,0,-1,
1870,1.87,0.4064004719257355,0,0,0,-1,
1871,1.871,0.4066620171070099,0,0,0,-1,
1872,1.872,0.40671247243881226,0,0,0,-1,
1873,1.873,0.40657633543014526,0,0,0,-1,
1874,1.874,0.40623825788497925,0,0,0,-1,
1875,1.875,0.40599340200424194,0,0,0,-1,
1876,1.8760000000000001,0.4058132469654083,0,0,0,-1,
1877,1.877,0.40571990609169006,0,0,0,-1,
1878,1.8780000000000001,0.40573105216026306,0,0,0,-1,
1879,1.879,0.4055606424808502,0,0,0,-1,
1880,1.8800000000000001,0.40542006492614746,0,0,0,-1,
1881,1.881,0.40545257925987244,0,0,0,-1,
1882,1.8820000000000001,0.40539833903312683,0,0,0,-1,
1883,1.883,0.4054369032382965,0,0,0,-1,
1884,1.8840000000000001,0.40565237402915955,0,0,0,-1,
1885,1.885,0.40578633546829224,0,0,0,-1,
1886,1.8860000000000001,0.40567901730537415,0,0,0,-1,
1887,1.887,0.40531662106513977,0,0,0,-1,
1888,1.8880000000000001,0.40498092770576477,0,0,0,-1,
1889,1.889,0.4050711989402771,0,0,0,-1,
1890,1.8900000000000001,0.40541699528694153,0,0,0,-1,
1891,1.891,0.40593135356903076,0,0,0,-1,
1892,1.8920000000000001,0.40655621886253357,0,0,0,-1,
1893,1.893,0.4070718288421631,0,0,0,-1,
1894,1.8940000000000001,0.40726447105407715,0,0,0,-1,
1895,1.895,0.40736624598503113,0,0,0,-1,
1896,1.8960000000000001,0.4074138104915619,0,0,0,-1,
1897,1.897,0.40750306844711304,0,0,0,-1,
1898,1.8980000000000001,0.4077744781970978,0,0,0,-1,
1899,1.899,0.40792298316955566,0,0,0,-1,
1900,1.9000000000000001,0.40795382857322693,0,0,0,-1,
1901,1.901,0.40799281001091003,0,0,0,-1,
1902,1.9020000000000001,0.408014714717865,0,0,0,-1,
1903,1.903,0.4079298675060272,0,0,0,-1,
1904,1.9040000000000001,0.40768253803253174,0,0,0,-1,
1905,1.905,0.4072597622871399,0,0,0,-1,
1906,1.9060000000000001,0.40666982531547546,0,0,0,-1,
1907,1.907,0.40613916516304016,0,0,0,-1,
1908,1.9080000000000001,0.40566951036453247,0,0,0,-1,
1909,1.909,0.40531185269355774,0,0,0,-1,
1910,1.9100000000000001,0.40526360273361206,0,0,0,-1,
1911,1.911,0.4054233431816101,0,0,0,-1,
1912,1.9120000000000001,0.40550217032432556,0,0,0,-1,
1913,1.913,0.4054467976093292,0,0,0,-1,
1914,1.9140000000000001,0.4050582945346832,0,0,0,-1,
1915,1.915,0.40478891134262085,0,0,0,-1,
1916,1.9160000000000001,0.4047665297985077,0,0,0,-1,
1917,1.917,0.4050941467285156,0,0,0,-1,
1918,1.9180000000000001,0.4056500494480133,0,0,0,-1,
1919,1.919,0.4060748517513275,0,0,0,-1,
1920,1.92,0.4064248204231262,0,0,0,-1,
1921,1.921,0.40671637654304504,0,0,0,-1,
1922,1.922,0.4069209098815918,0,0,0,-1,
1923,1.923,0.40699303150177,0,0,0,-1,
1924,1.924,0.40694645047187805,0,0,0,-1,
1925,1.925,0.4067886173725128,0,0,0,-1,
1926,1.926,0.4064245820045471,0,0,0,-1,
1927,1.927,0.40588849782943726,0,0,0,-1,
1928,1.928,0.4053610563278198,0,0,0,-1,
1929,1.929,0.4047819972038269,0,0,0,-1,
1930,1.93,0.40444692969322205,0,0,0,-1,
1931,1.931,0.4042787253856659,0,0,0,-1,
1932,1.932,0.4040880799293518,0,0,0,-1,
1933,1.933,0.40377935767173767,0,0,0,-1,
1934,1.934,0.4034235179424286,0,0,0,-1,
1935,1.935,0.4033225476741791,0,0,0,-1,
1936,1.936,0.40341898798942566,0,0,0,-1,
1937,1.937,0.4038548767566681,0,0,0,-1,
1938,1.938,0.4044383466243744,0,0,0,-1,
1939,1.939,0.40489766001701355,0,0,0,-1,
1940,1.94,0.4053516089916229,0,0,0,-1,
1941,1.941,0.40567538142204285,0,0,0,-1,
1942,1.942,0.405911922454834,0,0,0,-1,
1943,1.943,0.4060230255126953,0,0,0,-1,
1944,1.944,0.40599527955055237,0,0,0,-1,
1945,1.945,0.40579667687416077,0,0,0,-1,
1946,1.946,0.40554213523864746,0,0,0,-1,
1947,1.947,0.40533003211021423,0,0,0,-1,
1948,1.948,0.40510469675064087,0,0,0,-1,
1949,1.949,0.40500202775001526,0,0,0,-1,
1950,1.95,0.40502768754959106,0,0,0,-1,
1951,1.951,0.4050805866718292,0,0,0,-1,
1952,1.952,0.40509945154190063,0,0,0,-1,
1953,1.953,0.40496841073036194,0,0,0,-1,
1954,1.954,0.404631644487381,0,0,0,-1,
1955,1.955,0.4044474959373474,0,0,0,-1,
1956,1.956,0.4042607843875885,0,0,0,-1,
1957,1.957,0.4042028784751892,0,0,0,-1,
1958,1.958,0.4042907655239105,0,0,0,-1,
1959,1.959,0.40422046184539795,0,0,0,-1,
1960,1.96,0.4041748344898224,0,0,0,-1,
1961,1.961,0.4042035937309265,0,0,0,-1,
1962,1.962,0.40428414940834045,0,0,0,-1,
1963,1.963,0.40438568592071533,0,0,0,-1,
1964,1.964,0.4045555293560028,0,0,0,-1,
1965,1.965,0.4047480821609497,0,0,0,-1,
1966,1.966,0.4048883616924286,0,0,0,-1,
1967,1.967,0.4049311578273773,0,0,0,-1,
1968,1.968,0.40488201379776,0,0,0,-1,
1969,1.969,0.4047434628009796,0,0,0,-1,
1970,1.97,0.4046004116535187,0,0,0,-1,
1971,1.971,0.4044278562068939,0,0,0,-1,
1972,1.972,0.40454378724098206,0,0,0,-1,
1973,1.973,0.4046824276447296,0,0,0,-1,
1974,1.974,0.4046652913093567,0,0,0,-1,
1975,1.975,0.404793381690979,0,0,0,-1,
1976,1.976,0.4050576090812683,0,0,0,-1,
1977,1.977,0.4055233299732208,0,0,0,-1,
1978,1.978,0.40610653162002563,0,0,0,-1,
1979,1.979,0.40652400255203247,0,0,0,-1,
1980,1.98,0.4066668450832367,0,0,0,-1,
1981,1.981,0.40665391087532043,0,0,0,-1,
1982,1.982,0.4068199694156647,0,0,0,-1,
1983,1.983,0.40704795718193054,0,0,0,-1,
1984,1.984,0.40724220871925354,0,0,0,-1,
1985,1.985,0.4073731303215027,0,0,0,-1,
1986,1.986,0.40732264518737793,0,0,0,-1,
1987,1.987,0.40705931186676025,0,0,0,-1,
1988,1.988,0.40675076842308044,0,0,0,-1,
1989,1.989,0.40646451711654663,0,0,0,-1,
1990,1.99,0.4062288701534271,0,0,0,-1,
1991,1.991,0.40620437264442444,0,0,0,-1,
1992,1.992,0.4062391519546509,0,0,0,-1,
1993,1.993,0.40624356269836426,0,0,0,-1,
1994,1.994,0.40615829825401306,0,0,0,-1,
1995,1.995,0.40622925758361816,0,0,0,-1,
1996,1.996,0.4063553214073181,0,0,0,-1,
1997,1.997,0.4063059389591217,0,0,0,-1,
1998,1.998,0.4061276912689209,0,0,0,-1,
1999,1.999,0.4056336581707001,0,0,0,-1,
