time_index,time_s,prob_disrupt,prob_disrupt_clamped,streak,pred_disruptive,triggered,trigger_index,trigger_time_s
0,0.0,0.2016700953245163,0.2016700953245163,0,0,0,494,0.494
1,0.001,0.2016700953245163,0.2016700953245163,0,0,0,494,0.494
2,0.002,0.2016700953245163,0.2016700953245163,0,0,0,494,0.494
3,0.003,0.2016700953245163,0.2016700953245163,0,0,0,494,0.494
4,0.004,0.2016700953245163,0.2016700953245163,0,0,0,494,0.494
5,0.005,0.2016700953245163,0.2016700953245163,0,0,0,494,0.494
6,0.006,0.2016700953245163,0.2016700953245163,0,0,0,494,0.494
7,0.007,0.2016700953245163,0.2016700953245163,0,0,0,494,0.494
8,0.008,0.2016700953245163,0.2016700953245163,0,0,0,494,0.494
9,0.009000000000000001,0.2016700953245163,0.2016700953245163,0,0,0,494,0.494
10,0.01,0.2016700953245163,0.2016700953245163,0,0,0,494,0.494
11,0.011,0.2016700953245163,0.2016700953245163,0,0,0,494,0.494
12,0.012,0.2016700953245163,0.2016700953245163,0,0,0,494,0.494
13,0.013000000000000001,0.2016700953245163,0.2016700953245163,0,0,0,494,0.494
14,0.014,0.2016700953245163,0.2016700953245163,0,0,0,494,0.494
15,0.015,0.2016700953245163,0.2016700953245163,0,0,0,494,0.494
16,0.016,0.2016700953245163,0.2016700953245163,0,0,0,494,0.494
17,0.017,0.2016700953245163,0.2016700953245163,0,0,0,494,0.494
18,0.018000000000000002,0.2016700953245163,0.2016700953245163,0,0,0,494,0.494
19,0.019,0.2016700953245163,0.2016700953245163,0,0,0,494,0.494
20,0.02,0.2016700953245163,0.2016700953245163,0,0,0,494,0.494
21,0.021,0.2016700953245163,0.2016700953245163,0,0,0,494,0.494
22,0.022,0.2016700953245163,0.2016700953245163,0,0,0,494,0.494
23,0.023,0.2016700953245163,0.2016700953245163,0,0,0,494,0.494
24,0.024,0.2016700953245163,0.2016700953245163,0,0,0,494,0.494
25,0.025,0.2016700953245163,0.2016700953245163,0,0,0,494,0.494
26,0.026000000000000002,0.2016700953245163,0.2016700953245163,0,0,0,494,0.494
27,0.027,0.2016700953245163,0.2016700953245163,0,0,0,494,0.494
28,0.028,0.2016700953245163,0.2016700953245163,0,0,0,494,0.494
29,0.029,0.2016700953245163,0.2016700953245163,0,0,0,494,0.494
30,0.03,0.2016700953245163,0.2016700953245163,0,0,0,494,0.494
31,0.031,0.2016700953245163,0.2016700953245163,0,0,0,494,0.494
32,0.032,0.2016700953245163,0.2016700953245163,0,0,0,494,0.494
33,0.033,0.2016700953245163,0.2016700953245163,0,0,0,494,0.494
34,0.034,0.2016700953245163,0.2016700953245163,0,0,0,494,0.494
35,0.035,0.2016700953245163,0.2016700953245163,0,0,0,494,0.494
36,0.036000000000000004,0.2016700953245163,0.2016700953245163,0,0,0,494,0.494
37,0.037,0.2016700953245163,0.2016700953245163,0,0,0,494,0.494
38,0.038,0.2016700953245163,0.2016700953245163,0,0,0,494,0.494
39,0.039,0.2016700953245163,0.2016700953245163,0,0,0,494,0.494
40,0.04,0.2016700953245163,0.2016700953245163,0,0,0,494,0.494
41,0.041,0.2016700953245163,0.2016700953245163,0,0,0,494,0.494
42,0.042,0.2016700953245163,0.2016700953245163,0,0,0,494,0.494
43,0.043000000000000003,0.2016700953245163,0.2016700953245163,0,0,0,494,0.494
44,0.044,0.2016700953245163,0.2016700953245163,0,0,0,494,0.494
45,0.045,0.2016700953245163,0.2016700953245163,0,0,0,494,0.494
46,0.046,0.2016700953245163,0.2016700953245163,0,0,0,494,0.494
47,0.047,0.2016700953245163,0.2016700953245163,0,0,0,494,0.494
48,0.048,0.2016700953245163,0.2016700953245163,0,0,0,494,0.494
49,0.049,0.2016700953245163,0.2016700953245163,0,0,0,494,0.494
50,0.05,0.2016700953245163,0.2016700953245163,0,0,0,494,0.494
51,0.051000000000000004,0.2016700953245163,0.2016700953245163,0,0,0,494,0.494
52,0.052000000000000005,0.2016700953245163,0.2016700953245163,0,0,0,494,0.494
53,0.053,0.2016700953245163,0.2016700953245163,0,0,0,494,0.494
54,0.054,0.2016700953245163,0.2016700953245163,0,0,0,494,0.494
55,0.055,0.2016700953245163,0.2016700953245163,0,0,0,494,0.494
56,0.056,0.2016700953245163,0.2016700953245163,0,0,0,494,0.494
57,0.057,0.2016700953245163,0.2016700953245163,0,0,0,494,0.494
58,0.058,0.2016700953245163,0.2016700953245163,0,0,0,494,0.494
59,0.059000000000000004,0.2016700953245163,0.2016700953245163,0,0,0,494,0.494
60,0.06,0.2016700953245163,0.2016700953245163,0,0,0,494,0.494
61,0.061,0.2016700953245163,0.2016700953245163,0,0,0,494,0.494
62,0.062,0.2016700953245163,0.2016700953245163,0,0,0,494,0.494
63,0.063,0.2016700953245163,0.2016700953245163,0,0,0,494,0.494
64,0.064,0.2016700953245163,0.2016700953245163,0,0,0,494,0.494
65,0.065,0.2016700953245163,0.2016700953245163,0,0,0,494,0.494
66,0.066,0.2016700953245163,0.2016700953245163,0,0,0,494,0.494
67,0.067,0.2016700953245163,0.2016700953245163,0,0,0,494,0.494
68,0.068,0.2016700953245163,0.2016700953245163,0,0,0,494,0.494
69,0.069,0.2016700953245163,0.2016700953245163,0,0,0,494,0.494
70,0.07,0.2016700953245163,0.2016700953245163,0,0,0,494,0.494
71,0.07100000000000001,0.2016700953245163,0.2016700953245163,0,0,0,494,0.494
72,0.07200000000000001,0.2016700953245163,0.2016700953245163,0,0,0,494,0.494
73,0.073,0.2016700953245163,0.2016700953245163,0,0,0,494,0.494
74,0.074,0.2016700953245163,0.2016700953245163,0,0,0,494,0.494
75,0.075,0.2016700953245163,0.2016700953245163,0,0,0,494,0.494
76,0.076,0.2016700953245163,0.2016700953245163,0,0,0,494,0.494
77,0.077,0.2016700953245163,0.2016700953245163,0,0,0,494,0.494
78,0.078,0.2016700953245163,0.2016700953245163,0,0,0,494,0.494
79,0.079,0.2016700953245163,0.2016700953245163,0,0,0,494,0.494
80,0.08,0.2016700953245163,0.2016700953245163,0,0,0,494,0.494
81,0.081,0.2016700953245163,0.2016700953245163,0,0,0,494,0.494
82,0.082,0.2016700953245163,0.2016700953245163,0,0,0,494,0.494
83,0.083,0.2016700953245163,0.2016700953245163,0,0,0,494,0.494
84,0.084,0.2016700953245163,0.2016700953245163,0,0,0,494,0.494
85,0.085,0.2016700953245163,0.2016700953245163,0,0,0,494,0.494
86,0.08600000000000001,0.2016700953245163,0.2016700953245163,0,0,0,494,0.494
87,0.08700000000000001,0.2016700953245163,0.2016700953245163,0,0,0,494,0.494
88,0.088,0.2016700953245163,0.2016700953245163,0,0,0,494,0.494
89,0.089,0.2016700953245163,0.2016700953245163,0,0,0,494,0.494
90,0.09,0.2016700953245163,0.2016700953245163,0,0,0,494,0.494
91,0.091,0.2016700953245163,0.2016700953245163,0,0,0,494,0.494
92,0.092,0.2016700953245163,0.2016700953245163,0,0,0,494,0.494
93,0.093,0.2016700953245163,0.2016700953245163,0,0,0,494,0.494
94,0.094,0.2016700953245163,0.2016700953245163,0,0,0,494,0.494
95,0.095,0.2016700953245163,0.2016700953245163,0,0,0,494,0.494
96,0.096,0.2016700953245163,0.2016700953245163,0,0,0,494,0.494
97,0.097,0.2016700953245163,0.2016700953245163,0,0,0,494,0.494
98,0.098,0.2016700953245163,0.2016700953245163,0,0,0,494,0.494
99,0.099,0.2016700953245163,0.2016700953245163,0,0,0,494,0.494
100,0.1,0.2016700953245163,0.2016700953245163,0,0,0,494,0.494
101,0.101,0.2016700953245163,0.2016700953245163,0,0,0,494,0.494
102,0.10200000000000001,0.2016700953245163,0.2016700953245163,0,0,0,494,0.494
103,0.10300000000000001,0.2016700953245163,0.2016700953245163,0,0,0,494,0.494
104,0.10400000000000001,0.2016700953245163,0.2016700953245163,0,0,0,494,0.494
105,0.105,0.2016700953245163,0.2016700953245163,0,0,0,494,0.494
106,0.106,0.2016700953245163,0.2016700953245163,0,0,0,494,0.494
107,0.107,0.2016700953245163,0.2016700953245163,0,0,0,494,0.494
108,0.108,0.2016700953245163,0.2016700953245163,0,0,0,494,0.494
109,0.109,0.2016700953245163,0.2016700953245163,0,0,0,494,0.494
110,0.11,0.2016700953245163,0.2016700953245163,0,0,0,494,0.494
111,0.111,0.2016700953245163,0.2016700953245163,0,0,0,494,0.494
112,0.112,0.2016700953245163,0.2016700953245163,0,0,0,494,0.494
113,0.113,0.2016700953245163,0.2016700953245163,0,0,0,494,0.494
114,0.114,0.2016700953245163,0.2016700953245163,0,0,0,494,0.494
115,0.115,0.2016700953245163,0.2016700953245163,0,0,0,494,0.494
116,0.116,0.2016700953245163,0.2016700953245163,0,0,0,494,0.494
117,0.117,0.2016700953245163,0.2016700953245163,0,0,0,494,0.494
118,0.11800000000000001,0.2016700953245163,0.2016700953245163,0,0,0,494,0.494
119,0.11900000000000001,0.2016700953245163,0.2016700953245163,0,0,0,494,0.494
120,0.12,0.2016700953245163,0.2016700953245163,0,0,0,494,0.494
121,0.121,0.2016700953245163,0.2016700953245163,0,0,0,494,0.494
122,0.122,0.2016700953245163,0.2016700953245163,0,0,0,494,0.494
123,0.123,0.2016700953245163,0.2016700953245163,0,0,0,494,0.494
124,0.124,0.2016700953245163,0.2016700953245163,0,0,0,494,0.494
125,0.125,0.2016700953245163,0.2016700953245163,0,0,0,494,0.494
126,0.126,0.2016700953245163,0.2016700953245163,0,0,0,494,0.494
127,0.127,0.2016700953245163,0.2016700953245163,0,0,0,494,0.494
128,0.128,0.2016700953245163,0.2016700953245163,0,0,0,494,0.494
129,0.129,0.2016700953245163,0.2016700953245163,0,0,0,494,0.494
130,0.13,0.2016700953245163,0.2016700953245163,0,0,0,494,0.494
131,0.131,0.2016700953245163,0.2016700953245163,0,0,0,494,0.494
132,0.132,0.2016700953245163,0.2016700953245163,0,0,0,494,0.494
133,0.133,0.2016700953245163,0.2016700953245163,0,0,0,494,0.494
134,0.134,0.2016700953245163,0.2016700953245163,0,0,0,494,0.494
135,0.135,0.2016700953245163,0.2016700953245163,0,0,0,494,0.494
136,0.136,0.2016700953245163,0.2016700953245163,0,0,0,494,0.494
137,0.137,0.2016700953245163,0.2016700953245163,0,0,0,494,0.494
138,0.138,0.2016700953245163,0.2016700953245163,0,0,0,494,0.494
139,0.139,0.2016700953245163,0.2016700953245163,0,0,0,494,0.494
140,0.14,0.2016700953245163,0.2016700953245163,0,0,0,494,0.494
141,0.14100000000000001,0.2016700953245163,0.2016700953245163,0,0,0,494,0.494
142,0.14200000000000002,0.2016700953245163,0.2016700953245163,0,0,0,494,0.494
143,0.14300000000000002,0.2016700953245163,0.2016700953245163,0,0,0,494,0.494
144,0.14400000000000002,0.2016700953245163,0.2016700953245163,0,0,0,494,0.494
145,0.145,0.2016700953245163,0.2016700953245163,0,0,0,494,0.494
146,0.146,0.2016700953245163,0.2016700953245163,0,0,0,494,0.494
147,0.147,0.2016700953245163,0.2016700953245163,0,0,0,494,0.494
148,0.148,0.2016700953245163,0.2016700953245163,0,0,0,494,0.494
149,0.149,0.2016700953245163,0.2016700953245163,0,0,0,494,0.494
150,0.15,0.2016700953245163,0.2016700953245163,0,0,0,494,0.494
151,0.151,0.2016700953245163,0.2016700953245163,0,0,0,494,0.494
152,0.152,0.2016700953245163,0.2016700953245163,0,0,0,494,0.494
153,0.153,0.2016700953245163,0.2016700953245163,0,0,0,494,0.494
154,0.154,0.2016700953245163,0.2016700953245163,0,0,0,494,0.494
155,0.155,0.2016700953245163,0.2016700953245163,0,0,0,494,0.494
156,0.156,0.2016700953245163,0.2016700953245163,0,0,0,494,0.494
157,0.157,0.2016700953245163,0.2016700953245163,0,0,0,494,0.494
158,0.158,0.2016700953245163,0.2016700953245163,0,0,0,494,0.494
159,0.159,0.2016700953245163,0.2016700953245163,0,0,0,494,0.494
160,0.16,0.2016700953245163,0.2016700953245163,0,0,0,494,0.494
161,0.161,0.2016700953245163,0.2016700953245163,0,0,0,494,0.494
162,0.162,0.2016700953245163,0.2016700953245163,0,0,0,494,0.494
163,0.163,0.2016700953245163,0.2016700953245163,0,0,0,494,0.494
164,0.164,0.2016700953245163,0.2016700953245163,0,0,0,494,0.494
165,0.165,0.2016700953245163,0.2016700953245163,0,0,0,494,0.494
166,0.166,0.2016700953245163,0.2016700953245163,0,0,0,494,0.494
167,0.167,0.2016700953245163,0.2016700953245163,0,0,0,494,0.494
168,0.168,0.2016700953245163,0.2016700953245163,0,0,0,494,0.494
169,0.169,0.2016700953245163,0.2016700953245163,0,0,0,494,0.494
170,0.17,0.2016700953245163,0.2016700953245163,0,0,0,494,0.494
171,0.171,0.2016700953245163,0.2016700953245163,0,0,0,494,0.494
172,0.17200000000000001,0.2016700953245163,0.2016700953245163,0,0,0,494,0.494
173,0.17300000000000001,0.2016700953245163,0.2016700953245163,0,0,0,494,0.494
174,0.17400000000000002,0.2016700953245163,0.2016700953245163,0,0,0,494,0.494
175,0.17500000000000002,0.2016700953245163,0.2016700953245163,0,0,0,494,0.494
176,0.176,0.2016700953245163,0.2016700953245163,0,0,0,494,0.494
177,0.177,0.2016700953245163,0.2016700953245163,0,0,0,494,0.494
178,0.178,0.2016700953245163,0.2016700953245163,0,0,0,494,0.494
179,0.179,0.2016700953245163,0.2016700953245163,0,0,0,494,0.494
180,0.18,0.2016700953245163,0.2016700953245163,0,0,0,494,0.494
181,0.181,0.2016700953245163,0.2016700953245163,0,0,0,494,0.494
182,0.182,0.2016700953245163,0.2016700953245163,0,0,0,494,0.494
183,0.183,0.2016700953245163,0.2016700953245163,0,0,0,494,0.494
184,0.184,0.2016700953245163,0.2016700953245163,0,0,0,494,0.494
185,0.185,0.2016700953245163,0.2016700953245163,0,0,0,494,0.494
186,0.186,0.2016700953245163,0.2016700953245163,0,0,0,494,0.494
187,0.187,0.2016700953245163,0.2016700953245163,0,0,0,494,0.494
188,0.188,0.2016700953245163,0.2016700953245163,0,0,0,494,0.494
189,0.189,0.2016700953245163,0.2016700953245163,0,0,0,494,0.494
190,0.19,0.2016700953245163,0.2016700953245163,0,0,0,494,0.494
191,0.191,0.2016700953245163,0.2016700953245163,0,0,0,494,0.494
192,0.192,0.2016700953245163,0.2016700953245163,0,0,0,494,0.494
193,0.193,0.2016700953245163,0.2016700953245163,0,0,0,494,0.494
194,0.194,0.2016700953245163,0.2016700953245163,0,0,0,494,0.494
195,0.195,0.2016700953245163,0.2016700953245163,0,0,0,494,0.494
196,0.196,0.2016700953245163,0.2016700953245163,0,0,0,494,0.494
197,0.197,0.2016700953245163,0.2016700953245163,0,0,0,494,0.494
198,0.198,0.2016700953245163,0.2016700953245163,0,0,0,494,0.494
199,0.199,0.2016700953245163,0.2016700953245163,0,0,0,494,0.494
200,0.2,0.2016700953245163,0.2016700953245163,0,0,0,494,0.494
201,0.201,0.2016700953245163,0.2016700953245163,0,0,0,494,0.494
202,0.202,0.2016700953245163,0.2016700953245163,0,0,0,494,0.494
203,0.203,0.2016700953245163,0.2016700953245163,0,0,0,494,0.494
204,0.20400000000000001,0.2016700953245163,0.2016700953245163,0,0,0,494,0.494
205,0.20500000000000002,0.2016700953245163,0.2016700953245163,0,0,0,494,0.494
206,0.20600000000000002,0.2016700953245163,0.2016700953245163,0,0,0,494,0.494
207,0.20700000000000002,0.2016700953245163,0.2016700953245163,0,0,0,494,0.494
208,0.20800000000000002,0.2016700953245163,0.2016700953245163,0,0,0,494,0.494
209,0.209,0.2016700953245163,0.2016700953245163,0,0,0,494,0.494
210,0.21,0.2016700953245163,0.2016700953245163,0,0,0,494,0.494
211,0.211,0.2016700953245163,0.2016700953245163,0,0,0,494,0.494
212,0.212,0.2016700953245163,0.2016700953245163,0,0,0,494,0.494
213,0.213,0.2016700953245163,0.2016700953245163,0,0,0,494,0.494
214,0.214,0.2016700953245163,0.2016700953245163,0,0,0,494,0.494
215,0.215,0.2016700953245163,0.2016700953245163,0,0,0,494,0.494
216,0.216,0.2016700953245163,0.2016700953245163,0,0,0,494,0.494
217,0.217,0.2016700953245163,0.2016700953245163,0,0,0,494,0.494
218,0.218,0.2016700953245163,0.2016700953245163,0,0,0,494,0.494
219,0.219,0.2016700953245163,0.2016700953245163,0,0,0,494,0.494
220,0.22,0.2016700953245163,0.2016700953245163,0,0,0,494,0.494
221,0.221,0.2016700953245163,0.2016700953245163,0,0,0,494,0.494
222,0.222,0.2016700953245163,0.2016700953245163,0,0,0,494,0.494
223,0.223,0.2016700953245163,0.2016700953245163,0,0,0,494,0.494
224,0.224,0.2016700953245163,0.2016700953245163,0,0,0,494,0.494
225,0.225,0.2016700953245163,0.2016700953245163,0,0,0,494,0.494
226,0.226,0.2016700953245163,0.2016700953245163,0,0,0,494,0.494
227,0.227,0.2016700953245163,0.2016700953245163,0,0,0,494,0.494
228,0.228,0.2016700953245163,0.2016700953245163,0,0,0,494,0.494
229,0.229,0.2016700953245163,0.2016700953245163,0,0,0,494,0.494
230,0.23,0.2016700953245163,0.2016700953245163,0,0,0,494,0.494
231,0.231,0.2016700953245163,0.2016700953245163,0,0,0,494,0.494
232,0.232,0.2016700953245163,0.2016700953245163,0,0,0,494,0.494
233,0.233,0.2016700953245163,0.2016700953245163,0,0,0,494,0.494
234,0.234,0.2016700953245163,0.2016700953245163,0,0,0,494,0.494
235,0.23500000000000001,0.2016700953245163,0.2016700953245163,0,0,0,494,0.494
236,0.23600000000000002,0.2016700953245163,0.2016700953245163,0,0,0,494,0.494
237,0.23700000000000002,0.2016700953245163,0.2016700953245163,0,0,0,494,0.494
238,0.23800000000000002,0.2016700953245163,0.2016700953245163,0,0,0,494,0.494
239,0.23900000000000002,0.2016700953245163,0.2016700953245163,0,0,0,494,0.494
240,0.24,0.2016700953245163,0.2016700953245163,0,0,0,494,0.494
241,0.241,0.2016700953245163,0.2016700953245163,0,0,0,494,0.494
242,0.242,0.2016700953245163,0.2016700953245163,0,0,0,494,0.494
243,0.243,0.2016700953245163,0.2016700953245163,0,0,0,494,0.494
244,0.244,0.2016700953245163,0.2016700953245163,0,0,0,494,0.494
245,0.245,0.2016700953245163,0.2016700953245163,0,0,0,494,0.494
246,0.246,0.2016700953245163,0.2016700953245163,0,0,0,494,0.494
247,0.247,0.2016700953245163,0.2016700953245163,0,0,0,494,0.494
248,0.248,0.2016700953245163,0.2016700953245163,0,0,0,494,0.494
249,0.249,0.2016700953245163,0.2016700953245163,0,0,0,494,0.494
250,0.25,0.2016700953245163,0.2016700953245163,0,0,0,494,0.494
251,0.251,0.2016700953245163,0.2016700953245163,0,0,0,494,0.494
252,0.252,0.2016700953245163,0.2016700953245163,0,0,0,494,0.494
253,0.253,0.2016700953245163,0.2016700953245163,0,0,0,494,0.494
254,0.254,0.2016700953245163,0.2016700953245163,0,0,0,494,0.494
255,0.255,0.2016700953245163,0.2016700953245163,0,0,0,494,0.494
256,0.256,0.2016700953245163,0.2016700953245163,0,0,0,494,0.494
257,0.257,0.2016700953245163,0.2016700953245163,0,0,0,494,0.494
258,0.258,0.2016700953245163,0.2016700953245163,0,0,0,494,0.494
259,0.259,0.2016700953245163,0.2016700953245163,0,0,0,494,0.494
260,0.26,0.2016700953245163,0.2016700953245163,0,0,0,494,0.494
261,0.261,0.2016700953245163,0.2016700953245163,0,0,0,494,0.494
262,0.262,0.2016700953245163,0.2016700953245163,0,0,0,494,0.494
263,0.263,0.2016700953245163,0.2016700953245163,0,0,0,494,0.494
264,0.264,0.2016700953245163,0.2016700953245163,0,0,0,494,0.494
265,0.265,0.2016700953245163,0.2016700953245163,0,0,0,494,0.494
266,0.266,0.2016700953245163,0.2016700953245163,0,0,0,494,0.494
267,0.267,0.2016700953245163,0.2016700953245163,0,0,0,494,0.494
268,0.268,0.2016700953245163,0.2016700953245163,0,0,0,494,0.494
269,0.269,0.2016700953245163,0.2016700953245163,0,0,0,494,0.494
270,0.27,0.2016700953245163,0.2016700953245163,0,0,0,494,0.494
271,0.271,0.2016700953245163,0.2016700953245163,0,0,0,494,0.494
272,0.272,0.2016700953245163,0.2016700953245163,0,0,0,494,0.494
273,0.273,0.2016700953245163,0.2016700953245163,0,0,0,494,0.494
274,0.274,0.2016700953245163,0.2016700953245163,0,0,0,494,0.494
275,0.275,0.2016700953245163,0.2016700953245163,0,0,0,494,0.494
276,0.276,0.2016700953245163,0.2016700953245163,0,0,0,494,0.494
277,0.277,0.2016700953245163,0.2016700953245163,0,0,0,494,0.494
278,0.278,0.2016700953245163,0.2016700953245163,0,0,0,494,0.494
279,0.279,0.2016700953245163,0.2016700953245163,0,0,0,494,0.494
280,0.28,0.2016700953245163,0.2016700953245163,0,0,0,494,0.494
281,0.281,0.2016700953245163,0.2016700953245163,0,0,0,494,0.494
282,0.28200000000000003,0.2016700953245163,0.2016700953245163,0,0,0,494,0.494
283,0.28300000000000003,0.2016700953245163,0.2016700953245163,0,0,0,494,0.494
284,0.28400000000000003,0.2016700953245163,0.2016700953245163,0,0,0,494,0.494
285,0.28500000000000003,0.2016700953245163,0.2016700953245163,0,0,0,494,0.494
286,0.28600000000000003,0.2016700953245163,0.2016700953245163,0,0,0,494,0.494
287,0.28700000000000003,0.2016700953245163,0.2016700953245163,0,0,0,494,0.494
288,0.28800000000000003,0.2016700953245163,0.2016700953245163,0,0,0,494,0.494
289,0.289,0.2016700953245163,0.2016700953245163,0,0,0,494,0.494
290,0.29,0.2016700953245163,0.2016700953245163,0,0,0,494,0.494
291,0.291,0.2016700953245163,0.2016700953245163,0,0,0,494,0.494
292,0.292,0.2016700953245163,0.2016700953245163,0,0,0,494,0.494
293,0.293,0.2016700953245163,0.2016700953245163,0,0,0,494,0.494
294,0.294,0.2016700953245163,0.2016700953245163,0,0,0,494,0.494
295,0.295,0.2016700953245163,0.2016700953245163,0,0,0,494,0.494
296,0.296,0.2016700953245163,0.2016700953245163,0,0,0,494,0.494
297,0.297,0.2016700953245163,0.2016700953245163,0,0,0,494,0.494
298,0.298,0.2016700953245163,0.2016700953245163,0,0,0,494,0.494
299,0.299,0.2016700953245163,0.2016700953245163,0,0,0,494,0.494
300,0.3,0.2016700953245163,0.2016700953245163,0,0,0,494,0.494
301,0.301,0.2016700953245163,0.2016700953245163,0,0,0,494,0.494
302,0.302,0.2016700953245163,0.2016700953245163,0,0,0,494,0.494
303,0.303,0.2016700953245163,0.2016700953245163,0,0,0,494,0.494
304,0.304,0.2016700953245163,0.2016700953245163,0,0,0,494,0.494
305,0.305,0.2016700953245163,0.2016700953245163,0,0,0,494,0.494
306,0.306,0.2016700953245163,0.2016700953245163,0,0,0,494,0.494
307,0.307,0.2016700953245163,0.2016700953245163,0,0,0,494,0.494
308,0.308,0.2016700953245163,0.2016700953245163,0,0,0,494,0.494
309,0.309,0.2016700953245163,0.2016700953245163,0,0,0,494,0.494
310,0.31,0.2016700953245163,0.2016700953245163,0,0,0,494,0.494
311,0.311,0.2016700953245163,0.2016700953245163,0,0,0,494,0.494
312,0.312,0.2016700953245163,0.2016700953245163,0,0,0,494,0.494
313,0.313,0.2016700953245163,0.2016700953245163,0,0,0,494,0.494
314,0.314,0.2016700953245163,0.2016700953245163,0,0,0,494,0.494
315,0.315,0.2016700953245163,0.2016700953245163,0,0,0,494,0.494
316,0.316,0.2016700953245163,0.2016700953245163,0,0,0,494,0.494
317,0.317,0.2016700953245163,0.2016700953245163,0,0,0,494,0.494
318,0.318,0.2016700953245163,0.2016700953245163,0,0,0,494,0.494
319,0.319,0.2016700953245163,0.2016700953245163,0,0,0,494,0.494
320,0.32,0.2016700953245163,0.2016700953245163,0,0,0,494,0.494
321,0.321,0.2016700953245163,0.2016700953245163,0,0,0,494,0.494
322,0.322,0.2016700953245163,0.2016700953245163,0,0,0,494,0.494
323,0.323,0.2016700953245163,0.2016700953245163,0,0,0,494,0.494
324,0.324,0.2016700953245163,0.2016700953245163,0,0,0,494,0.494
325,0.325,0.2016700953245163,0.2016700953245163,0,0,0,494,0.494
326,0.326,0.2016700953245163,0.2016700953245163,0,0,0,494,0.494
327,0.327,0.2016700953245163,0.2016700953245163,0,0,0,494,0.494
328,0.328,0.2016700953245163,0.2016700953245163,0,0,0,494,0.494
329,0.329,0.2016700953245163,0.2016700953245163,0,0,0,494,0.494
330,0.33,0.2016700953245163,0.2016700953245163,0,0,0,494,0.494
331,0.331,0.2016700953245163,0.2016700953245163,0,0,0,494,0.494
332,0.332,0.2016700953245163,0.2016700953245163,0,0,0,494,0.494
333,0.333,0.2016700953245163,0.2016700953245163,0,0,0,494,0.494
334,0.334,0.2016700953245163,0.2016700953245163,0,0,0,494,0.494
335,0.335,0.2016700953245163,0.2016700953245163,0,0,0,494,0.494
336,0.336,0.2016700953245163,0.2016700953245163,0,0,0,494,0.494
337,0.337,0.2016700953245163,0.2016700953245163,0,0,0,494,0.494
338,0.338,0.2016700953245163,0.2016700953245163,0,0,0,494,0.494
339,0.339,0.2016700953245163,0.2016700953245163,0,0,0,494,0.494
340,0.34,0.2016700953245163,0.2016700953245163,0,0,0,494,0.494
341,0.341,0.2016700953245163,0.2016700953245163,0,0,0,494,0.494
342,0.342,0.2016700953245163,0.2016700953245163,0,0,0,494,0.494
343,0.343,0.2016700953245163,0.2016700953245163,0,0,0,494,0.494
344,0.34400000000000003,0.2016700953245163,0.2016700953245163,0,0,0,494,0.494
345,0.34500000000000003,0.2016700953245163,0.2016700953245163,0,0,0,494,0.494
346,0.34600000000000003,0.2016700953245163,0.2016700953245163,0,0,0,494,0.494
347,0.34700000000000003,0.2016700953245163,0.2016700953245163,0,0,0,494,0.494
348,0.34800000000000003,0.2016700953245163,0.2016700953245163,0,0,0,494,0.494
349,0.34900000000000003,0.2016700953245163,0.2016700953245163,0,0,0,494,0.494
350,0.35000000000000003,0.2016700953245163,0.2016700953245163,0,0,0,494,0.494
351,0.35100000000000003,0.2016700953245163,0.2016700953245163,0,0,0,494,0.494
352,0.352,0.2016700953245163,0.2016700953245163,0,0,0,494,0.494
353,0.353,0.2016700953245163,0.2016700953245163,0,0,0,494,0.494
354,0.354,0.2016700953245163,0.2016700953245163,0,0,0,494,0.494
355,0.355,0.2016700953245163,0.2016700953245163,0,0,0,494,0.494
356,0.356,0.2016700953245163,0.2016700953245163,0,0,0,494,0.494
357,0.357,0.2016700953245163,0.2016700953245163,0,0,0,494,0.494
358,0.358,0.2016700953245163,0.2016700953245163,0,0,0,494,0.494
359,0.359,0.2016700953245163,0.2016700953245163,0,0,0,494,0.494
360,0.36,0.2016700953245163,0.2016700953245163,0,0,0,494,0.494
361,0.361,0.2016700953245163,0.2016700953245163,0,0,0,494,0.494
362,0.362,0.2016700953245163,0.2016700953245163,0,0,0,494,0.494
363,0.363,0.2016700953245163,0.2016700953245163,0,0,0,494,0.494
364,0.364,0.2016700953245163,0.2016700953245163,0,0,0,494,0.494
365,0.365,0.2016700953245163,0.2016700953245163,0,0,0,494,0.494
366,0.366,0.2016700953245163,0.2016700953245163,0,0,0,494,0.494
367,0.367,0.2016700953245163,0.2016700953245163,0,0,0,494,0.494
368,0.368,0.2016700953245163,0.2016700953245163,0,0,0,494,0.494
369,0.369,0.2016700953245163,0.2016700953245163,0,0,0,494,0.494
370,0.37,0.2016700953245163,0.2016700953245163,0,0,0,494,0.494
371,0.371,0.2016700953245163,0.2016700953245163,0,0,0,494,0.494
372,0.372,0.2016700953245163,0.2016700953245163,0,0,0,494,0.494
373,0.373,0.2016700953245163,0.2016700953245163,0,0,0,494,0.494
374,0.374,0.2016700953245163,0.2016700953245163,0,0,0,494,0.494
375,0.375,0.2016700953245163,0.2016700953245163,0,0,0,494,0.494
376,0.376,0.2016700953245163,0.2016700953245163,0,0,0,494,0.494
377,0.377,0.2016700953245163,0.2016700953245163,0,0,0,494,0.494
378,0.378,0.2016700953245163,0.2016700953245163,0,0,0,494,0.494
379,0.379,0.2016700953245163,0.2016700953245163,0,0,0,494,0.494
380,0.38,0.2016700953245163,0.2016700953245163,0,0,0,494,0.494
381,0.381,0.2016700953245163,0.2016700953245163,0,0,0,494,0.494
382,0.382,0.2016700953245163,0.2016700953245163,0,0,0,494,0.494
383,0.383,0.2016700953245163,0.2016700953245163,0,0,0,494,0.494
384,0.384,0.2016700953245163,0.2016700953245163,0,0,0,494,0.494
385,0.385,0.2016700953245163,0.2016700953245163,0,0,0,494,0.494
386,0.386,0.2016700953245163,0.2016700953245163,0,0,0,494,0.494
387,0.387,0.2016700953245163,0.2016700953245163,0,0,0,494,0.494
388,0.388,0.2016700953245163,0.2016700953245163,0,0,0,494,0.494
389,0.389,0.2016700953245163,0.2016700953245163,0,0,0,494,0.494
390,0.39,0.2016700953245163,0.2016700953245163,0,0,0,494,0.494
391,0.391,0.2016700953245163,0.2016700953245163,0,0,0,494,0.494
392,0.392,0.2016700953245163,0.2016700953245163,0,0,0,494,0.494
393,0.393,0.2016700953245163,0.2016700953245163,0,0,0,494,0.494
394,0.394,0.2016700953245163,0.2016700953245163,0,0,0,494,0.494
395,0.395,0.2016700953245163,0.2016700953245163,0,0,0,494,0.494
396,0.396,0.2016700953245163,0.2016700953245163,0,0,0,494,0.494
397,0.397,0.2016700953245163,0.2016700953245163,0,0,0,494,0.494
398,0.398,0.2016700953245163,0.2016700953245163,0,0,0,494,0.494
399,0.399,0.2016700953245163,0.2016700953245163,0,0,0,494,0.494
400,0.4,0.2016700953245163,0.2016700953245163,0,0,0,494,0.494
401,0.401,0.2016700953245163,0.2016700953245163,0,0,0,494,0.494
402,0.402,0.2016700953245163,0.2016700953245163,0,0,0,494,0.494
403,0.403,0.2016700953245163,0.2016700953245163,0,0,0,494,0.494
404,0.404,0.2016700953245163,0.2016700953245163,0,0,0,494,0.494
405,0.405,0.2016700953245163,0.2016700953245163,0,0,0,494,0.494
406,0.406,0.2016700953245163,0.2016700953245163,0,0,0,494,0.494
407,0.40700000000000003,0.2016700953245163,0.2016700953245163,0,0,0,494,0.494
408,0.40800000000000003,0.2016700953245163,0.2016700953245163,0,0,0,494,0.494
409,0.40900000000000003,0.2016700953245163,0.2016700953245163,0,0,0,494,0.494
410,0.41000000000000003,0.2016700953245163,0.2016700953245163,0,0,0,494,0.494
411,0.41100000000000003,0.2016700953245163,0.2016700953245163,0,0,0,494,0.494
412,0.41200000000000003,0.2016700953245163,0.2016700953245163,0,0,0,494,0.494
413,0.41300000000000003,0.2016700953245163,0.2016700953245163,0,0,0,494,0.494
414,0.41400000000000003,0.2016700953245163,0.2016700953245163,0,0,0,494,0.494
415,0.41500000000000004,0.2016700953245163,0.2016700953245163,0,0,0,494,0.494
416,0.41600000000000004,0.2016700953245163,0.2016700953245163,0,0,0,494,0.494
417,0.417,0.2016700953245163,0.2016700953245163,0,0,0,494,0.494
418,0.418,0.2016700953245163,0.2016700953245163,0,0,0,494,0.494
419,0.419,0.2016700953245163,0.2016700953245163,0,0,0,494,0.494
420,0.42,0.2016700953245163,0.2016700953245163,0,0,0,494,0.494
421,0.421,0.2016700953245163,0.2016700953245163,0,0,0,494,0.494
422,0.422,0.2016700953245163,0.2016700953245163,0,0,0,494,0.494
423,0.423,0.2016700953245163,0.2016700953245163,0,0,0,494,0.494
424,0.424,0.2016700953245163,0.2016700953245163,0,0,0,494,0.494
425,0.425,0.2016700953245163,0.2016700953245163,0,0,0,494,0.494
426,0.426,0.2016700953245163,0.2016700953245163,0,0,0,494,0.494
427,0.427,0.2016700953245163,0.2016700953245163,0,0,0,494,0.494
428,0.428,0.2016700953245163,0.2016700953245163,0,0,0,494,0.494
429,0.429,0.2016700953245163,0.2016700953245163,0,0,0,494,0.494
430,0.43,0.2016700953245163,0.2016700953245163,0,0,0,494,0.494
431,0.431,0.2016700953245163,0.2016700953245163,0,0,0,494,0.494
432,0.432,0.2016700953245163,0.2016700953245163,0,0,0,494,0.494
433,0.433,0.2016700953245163,0.2016700953245163,0,0,0,494,0.494
434,0.434,0.2016700953245163,0.2016700953245163,0,0,0,494,0.494
435,0.435,0.2016700953245163,0.2016700953245163,0,0,0,494,0.494
436,0.436,0.2016700953245163,0.2016700953245163,0,0,0,494,0.494
437,0.437,0.2016700953245163,0.2016700953245163,0,0,0,494,0.494
438,0.438,0.2016700953245163,0.2016700953245163,0,0,0,494,0.494
439,0.439,0.2016700953245163,0.2016700953245163,0,0,0,494,0.494
440,0.44,0.2016700953245163,0.2016700953245163,0,0,0,494,0.494
441,0.441,0.2016700953245163,0.2016700953245163,0,0,0,494,0.494
442,0.442,0.2016700953245163,0.2016700953245163,0,0,0,494,0.494
443,0.443,0.2016700953245163,0.2016700953245163,0,0,0,494,0.494
444,0.444,0.2016700953245163,0.2016700953245163,0,0,0,494,0.494
445,0.445,0.2016700953245163,0.2016700953245163,0,0,0,494,0.494
446,0.446,0.2016700953245163,0.2016700953245163,0,0,0,494,0.494
447,0.447,0.2016700953245163,0.2016700953245163,0,0,0,494,0.494
448,0.448,0.2016700953245163,0.2016700953245163,0,0,0,494,0.494
449,0.449,0.2016700953245163,0.2016700953245163,0,0,0,494,0.494
450,0.45,0.2016700953245163,0.2016700953245163,0,0,0,494,0.494
451,0.451,0.2016700953245163,0.2016700953245163,0,0,0,494,0.494
452,0.452,0.2016700953245163,0.2016700953245163,0,0,0,494,0.494
453,0.453,0.2016700953245163,0.2016700953245163,0,0,0,494,0.494
454,0.454,0.2016700953245163,0.2016700953245163,0,0,0,494,0.494
455,0.455,0.2016700953245163,0.2016700953245163,0,0,0,494,0.494
456,0.456,0.2016700953245163,0.2016700953245163,0,0,0,494,0.494
457,0.457,0.2016700953245163,0.2016700953245163,0,0,0,494,0.494
458,0.458,0.2016700953245163,0.2016700953245163,0,0,0,494,0.494
459,0.459,0.2016700953245163,0.2016700953245163,0,0,0,494,0.494
460,0.46,0.2016700953245163,0.2016700953245163,0,0,0,494,0.494
461,0.461,0.2016700953245163,0.2016700953245163,0,0,0,494,0.494
462,0.462,0.2016700953245163,0.2016700953245163,0,0,0,494,0.494
463,0.463,0.2016700953245163,0.2016700953245163,0,0,0,494,0.494
464,0.464,0.2016700953245163,0.2016700953245163,0,0,0,494,0.494
465,0.465,0.2016700953245163,0.2016700953245163,0,0,0,494,0.494
466,0.466,0.2016700953245163,0.2016700953245163,0,0,0,494,0.494
467,0.467,0.2016700953245163,0.2016700953245163,0,0,0,494,0.494
468,0.468,0.2016700953245163,0.2016700953245163,0,0,0,494,0.494
469,0.46900000000000003,0.2016700953245163,0.2016700953245163,0,0,0,494,0.494
470,0.47000000000000003,0.2016700953245163,0.2016700953245163,0,0,0,494,0.494
471,0.47100000000000003,0.2016700953245163,0.2016700953245163,0,0,0,494,0.494
472,0.47200000000000003,0.2016700953245163,0.2016700953245163,0,0,0,494,0.494
473,0.47300000000000003,0.2632823586463928,0.2632823586463928,0,0,0,494,0.494
474,0.47400000000000003,0.4551941454410553,0.4551941454410553,0,0,0,494,0.494
475,0.47500000000000003,0.5735132098197937,0.5735132098197937,1,1,0,494,0.494
476,0.47600000000000003,0.5735132098197937,0.5735132098197937,2,1,0,494,0.494
477,0.47700000000000004,0.5735132098197937,0.5735132098197937,3,1,0,494,0.494
478,0.47800000000000004,0.5735132098197937,0.5735132098197937,4,1,0,494,0.494
479,0.47900000000000004,0.5876628160476685,0.5876628160476685,5,1,0,494,0.494
480,0.48,0.6137987375259399,0.6137987375259399,6,1,0,494,0.494
481,0.481,0.6137987375259399,0.6137987375259399,7,1,0,494,0.494
482,0.482,0.6137987375259399,0.6137987375259399,8,1,0,494,0.494
483,0.483,0.6137987375259399,0.6137987375259399,9,1,0,494,0.494
484,0.484,0.6137987375259399,0.6137987375259399,10,1,0,494,0.494
485,0.485,0.6137987375259399,0.6137987375259399,11,1,0,494,0.494
486,0.486,0.6137987375259399,0.6137987375259399,12,1,0,494,0.494
487,0.487,0.6137987375259399,0.6137987375259399,13,1,0,494,0.494
488,0.488,0.6137987375259399,0.6137987375259399,14,1,0,494,0.494
489,0.489,0.6137987375259399,0.6137987375259399,15,1,0,494,0.494
490,0.49,0.6137987375259399,0.6137987375259399,16,1,0,494,0.494
491,0.491,0.6137987375259399,0.6137987375259399,17,1,0,494,0.494
492,0.492,0.6137987375259399,0.6137987375259399,18,1,0,494,0.494
493,0.493,0.6137987375259399,0.6137987375259399,19,1,0,494,0.494
494,0.494,0.6137987375259399,1.0,20,1,1,494,0.494
495,0.495,0.6137987375259399,1.0,21,1,1,494,0.494
496,0.496,0.6137987375259399,1.0,22,1,1,494,0.494
497,0.497,0.6137987375259399,1.0,23,1,1,494,0.494
498,0.498,0.6137987375259399,1.0,24,1,1,494,0.494
499,0.499,0.6137987375259399,1.0,25,1,1,494,0.494
500,0.5,0.6137987375259399,1.0,26,1,1,494,0.494
501,0.501,0.6137987375259399,1.0,27,1,1,494,0.494
502,0.502,0.6137987375259399,1.0,28,1,1,494,0.494
503,0.503,0.6137987375259399,1.0,29,1,1,494,0.494
504,0.504,0.6137987375259399,1.0,30,1,1,494,0.494
505,0.505,0.6137987375259399,1.0,31,1,1,494,0.494
506,0.506,0.6137987375259399,1.0,32,1,1,494,0.494
507,0.507,0.6137987375259399,1.0,33,1,1,494,0.494
508,0.508,0.6137987375259399,1.0,34,1,1,494,0.494
509,0.509,0.6137987375259399,1.0,35,1,1,494,0.494
510,0.51,0.6137987375259399,1.0,36,1,1,494,0.494
511,0.511,0.6998263001441956,1.0,37,1,1,494,0.494
512,0.512,0.7735707759857178,1.0,38,1,1,494,0.494
513,0.513,0.8612923622131348,1.0,39,1,1,494,0.494
514,0.514,0.8882742524147034,1.0,40,1,1,494,0.494
515,0.515,0.9007114171981812,1.0,41,1,1,494,0.494
516,0.516,0.9129756093025208,1.0,42,1,1,494,0.494
517,0.517,0.9241144061088562,1.0,43,1,1,494,0.494
518,0.518,0.9241144061088562,1.0,44,1,1,494,0.494
519,0.519,0.9241144061088562,1.0,45,1,1,494,0.494
520,0.52,0.9241144061088562,1.0,46,1,1,494,0.494
521,0.521,0.9241144061088562,1.0,47,1,1,494,0.494
522,0.522,0.9241144061088562,1.0,48,1,1,494,0.494
523,0.523,0.9241144061088562,1.0,49,1,1,494,0.494
524,0.524,0.9241144061088562,1.0,50,1,1,494,0.494
525,0.525,0.9241144061088562,1.0,51,1,1,494,0.494
526,0.526,0.9241144061088562,1.0,52,1,1,494,0.494
527,0.527,0.9241144061088562,1.0,53,1,1,494,0.494
528,0.528,0.9241144061088562,1.0,54,1,1,494,0.494
529,0.529,0.9241144061088562,1.0,55,1,1,494,0.494
530,0.53,0.9241144061088562,1.0,56,1,1,494,0.494
531,0.531,0.9241144061088562,1.0,57,1,1,494,0.494
532,0.532,0.9241144061088562,1.0,58,1,1,494,0.494
533,0.533,0.9241144061088562,1.0,59,1,1,494,0.494
534,0.534,0.9241144061088562,1.0,60,1,1,494,0.494
535,0.535,0.9241144061088562,1.0,61,1,1,494,0.494
536,0.536,0.9241144061088562,1.0,62,1,1,494,0.494
537,0.537,0.9241144061088562,1.0,63,1,1,494,0.494
538,0.538,0.9241144061088562,1.0,64,1,1,494,0.494
539,0.539,0.9241144061088562,1.0,65,1,1,494,0.494
540,0.54,0.9241144061088562,1.0,66,1,1,494,0.494
541,0.541,0.9241144061088562,1.0,67,1,1,494,0.494
542,0.542,0.9241144061088562,1.0,68,1,1,494,0.494
543,0.543,0.9241144061088562,1.0,69,1,1,494,0.494
544,0.544,0.9241144061088562,1.0,70,1,1,494,0.494
545,0.545,0.9241144061088562,1.0,71,1,1,494,0.494
546,0.546,0.9241144061088562,1.0,72,1,1,494,0.494
547,0.547,0.9241144061088562,1.0,73,1,1,494,0.494
548,0.548,0.9241144061088562,1.0,74,1,1,494,0.494
549,0.549,0.9241144061088562,1.0,75,1,1,494,0.494
550,0.55,0.9241144061088562,1.0,76,1,1,494,0.494
551,0.551,0.9241144061088562,1.0,77,1,1,494,0.494
552,0.552,0.9241144061088562,1.0,78,1,1,494,0.494
553,0.553,0.9241144061088562,1.0,79,1,1,494,0.494
554,0.554,0.9241144061088562,1.0,80,1,1,494,0.494
555,0.555,0.9241144061088562,1.0,81,1,1,494,0.494
556,0.556,0.9241144061088562,1.0,82,1,1,494,0.494
557,0.557,0.9241144061088562,1.0,83,1,1,494,0.494
558,0.558,0.9241144061088562,1.0,84,1,1,494,0.494
559,0.559,0.9241144061088562,1.0,85,1,1,494,0.494
560,0.56,0.9241144061088562,1.0,86,1,1,494,0.494
561,0.561,0.9241144061088562,1.0,87,1,1,494,0.494
562,0.562,0.9241144061088562,1.0,88,1,1,494,0.494
563,0.5630000000000001,0.9241144061088562,1.0,89,1,1,494,0.494
564,0.5640000000000001,0.9241144061088562,1.0,90,1,1,494,0.494
565,0.5650000000000001,0.9241144061088562,1.0,91,1,1,494,0.494
566,0.5660000000000001,0.9241144061088562,1.0,92,1,1,494,0.494
567,0.5670000000000001,0.9241144061088562,1.0,93,1,1,494,0.494
568,0.5680000000000001,0.9241144061088562,1.0,94,1,1,494,0.494
569,0.5690000000000001,0.9241144061088562,1.0,95,1,1,494,0.494
570,0.5700000000000001,0.9241144061088562,1.0,96,1,1,494,0.494
571,0.5710000000000001,0.9241144061088562,1.0,97,1,1,494,0.494
572,0.5720000000000001,0.9241144061088562,1.0,98,1,1,494,0.494
573,0.5730000000000001,0.9241144061088562,1.0,99,1,1,494,0.494
574,0.5740000000000001,0.9241144061088562,1.0,100,1,1,494,0.494
575,0.5750000000000001,0.9241144061088562,1.0,101,1,1,494,0.494
576,0.5760000000000001,0.9241144061088562,1.0,102,1,1,494,0.494
577,0.577,0.9241144061088562,1.0,103,1,1,494,0.494
578,0.578,0.9241144061088562,1.0,104,1,1,494,0.494
579,0.579,0.9241144061088562,1.0,105,1,1,494,0.494
580,0.58,0.9241144061088562,1.0,106,1,1,494,0.494
581,0.581,0.9241144061088562,1.0,107,1,1,494,0.494
582,0.582,0.9241144061088562,1.0,108,1,1,494,0.494
583,0.583,0.9241144061088562,1.0,109,1,1,494,0.494
584,0.584,0.9241144061088562,1.0,110,1,1,494,0.494
585,0.585,0.9241144061088562,1.0,111,1,1,494,0.494
586,0.586,0.9241144061088562,1.0,112,1,1,494,0.494
587,0.587,0.9241144061088562,1.0,113,1,1,494,0.494
588,0.588,0.9241144061088562,1.0,114,1,1,494,0.494
589,0.589,0.9241144061088562,1.0,115,1,1,494,0.494
590,0.59,0.9241144061088562,1.0,116,1,1,494,0.494
591,0.591,0.9241144061088562,1.0,117,1,1,494,0.494
592,0.592,0.9241144061088562,1.0,118,1,1,494,0.494
593,0.593,0.9241144061088562,1.0,119,1,1,494,0.494
594,0.594,0.9241144061088562,1.0,120,1,1,494,0.494
595,0.595,0.9241144061088562,1.0,121,1,1,494,0.494
596,0.596,0.9241144061088562,1.0,122,1,1,494,0.494
597,0.597,0.9241144061088562,1.0,123,1,1,494,0.494
598,0.598,0.9241144061088562,1.0,124,1,1,494,0.494
599,0.599,0.9241144061088562,1.0,125,1,1,494,0.494
600,0.6,0.9241144061088562,1.0,126,1,1,494,0.494
601,0.601,0.9241144061088562,1.0,127,1,1,494,0.494
602,0.602,0.9241144061088562,1.0,128,1,1,494,0.494
603,0.603,0.9241144061088562,1.0,129,1,1,494,0.494
604,0.604,0.9241144061088562,1.0,130,1,1,494,0.494
605,0.605,0.9241144061088562,1.0,131,1,1,494,0.494
606,0.606,0.9241144061088562,1.0,132,1,1,494,0.494
607,0.607,0.9241144061088562,1.0,133,1,1,494,0.494
608,0.608,0.9241144061088562,1.0,134,1,1,494,0.494
609,0.609,0.9241144061088562,1.0,135,1,1,494,0.494
610,0.61,0.9241144061088562,1.0,136,1,1,494,0.494
611,0.611,0.9241144061088562,1.0,137,1,1,494,0.494
612,0.612,0.9241144061088562,1.0,138,1,1,494,0.494
613,0.613,0.9241144061088562,1.0,139,1,1,494,0.494
614,0.614,0.9241144061088562,1.0,140,1,1,494,0.494
615,0.615,0.9241144061088562,1.0,141,1,1,494,0.494
616,0.616,0.9241144061088562,1.0,142,1,1,494,0.494
617,0.617,0.9241144061088562,1.0,143,1,1,494,0.494
618,0.618,0.9241144061088562,1.0,144,1,1,494,0.494
619,0.619,0.9241144061088562,1.0,145,1,1,494,0.494
620,0.62,0.9241144061088562,1.0,146,1,1,494,0.494
621,0.621,0.9241144061088562,1.0,147,1,1,494,0.494
622,0.622,0.9241144061088562,1.0,148,1,1,494,0.494
623,0.623,0.9241144061088562,1.0,149,1,1,494,0.494
624,0.624,0.9241144061088562,1.0,150,1,1,494,0.494
625,0.625,0.9241144061088562,1.0,151,1,1,494,0.494
626,0.626,0.9241144061088562,1.0,152,1,1,494,0.494
627,0.627,0.9241144061088562,1.0,153,1,1,494,0.494
628,0.628,0.9241144061088562,1.0,154,1,1,494,0.494
629,0.629,0.9241144061088562,1.0,155,1,1,494,0.494
630,0.63,0.9241144061088562,1.0,156,1,1,494,0.494
631,0.631,0.9241144061088562,1.0,157,1,1,494,0.494
632,0.632,0.9241144061088562,1.0,158,1,1,494,0.494
633,0.633,0.9241144061088562,1.0,159,1,1,494,0.494
634,0.634,0.9241144061088562,1.0,160,1,1,494,0.494
635,0.635,0.9241144061088562,1.0,161,1,1,494,0.494
636,0.636,0.9241144061088562,1.0,162,1,1,494,0.494
637,0.637,0.9241144061088562,1.0,163,1,1,494,0.494
638,0.638,0.9241144061088562,1.0,164,1,1,494,0.494
639,0.639,0.9241144061088562,1.0,165,1,1,494,0.494
640,0.64,0.9241144061088562,1.0,166,1,1,494,0.494
641,0.641,0.9241144061088562,1.0,167,1,1,494,0.494
642,0.642,0.9241144061088562,1.0,168,1,1,494,0.494
643,0.643,0.9241144061088562,1.0,169,1,1,494,0.494
644,0.644,0.9241144061088562,1.0,170,1,1,494,0.494
645,0.645,0.9241144061088562,1.0,171,1,1,494,0.494
646,0.646,0.9241144061088562,1.0,172,1,1,494,0.494
647,0.647,0.9241144061088562,1.0,173,1,1,494,0.494
648,0.648,0.9241144061088562,1.0,174,1,1,494,0.494
649,0.649,0.9241144061088562,1.0,175,1,1,494,0.494
650,0.65,0.9241144061088562,1.0,176,1,1,494,0.494
651,0.651,0.9241144061088562,1.0,177,1,1,494,0.494
652,0.652,0.9241144061088562,1.0,178,1,1,494,0.494
653,0.653,0.9241144061088562,1.0,179,1,1,494,0.494
654,0.654,0.9241144061088562,1.0,180,1,1,494,0.494
655,0.655,0.9241144061088562,1.0,181,1,1,494,0.494
656,0.656,0.9241144061088562,1.0,182,1,1,494,0.494
657,0.657,0.9241144061088562,1.0,183,1,1,494,0.494
658,0.658,0.9241144061088562,1.0,184,1,1,494,0.494
659,0.659,0.9241144061088562,1.0,185,1,1,494,0.494
660,0.66,0.9241144061088562,1.0,186,1,1,494,0.494
661,0.661,0.9241144061088562,1.0,187,1,1,494,0.494
662,0.662,0.9241144061088562,1.0,188,1,1,494,0.494
663,0.663,0.9241144061088562,1.0,189,1,1,494,0.494
664,0.664,0.9241144061088562,1.0,190,1,1,494,0.494
665,0.665,0.9241144061088562,1.0,191,1,1,494,0.494
666,0.666,0.9241144061088562,1.0,192,1,1,494,0.494
667,0.667,0.9241144061088562,1.0,193,1,1,494,0.494
668,0.668,0.9241144061088562,1.0,194,1,1,494,0.494
669,0.669,0.9241144061088562,1.0,195,1,1,494,0.494
670,0.67,0.9241144061088562,1.0,196,1,1,494,0.494
671,0.671,0.9241144061088562,1.0,197,1,1,494,0.494
672,0.672,0.9241144061088562,1.0,198,1,1,494,0.494
673,0.673,0.9241144061088562,1.0,199,1,1,494,0.494
674,0.674,0.9241144061088562,1.0,200,1,1,494,0.494
675,0.675,0.9241144061088562,1.0,201,1,1,494,0.494
676,0.676,0.9241144061088562,1.0,202,1,1,494,0.494
677,0.677,0.9241144061088562,1.0,203,1,1,494,0.494
678,0.678,0.9241144061088562,1.0,204,1,1,494,0.494
679,0.679,0.9241144061088562,1.0,205,1,1,494,0.494
680,0.68,0.9241144061088562,1.0,206,1,1,494,0.494
681,0.681,0.9241144061088562,1.0,207,1,1,494,0.494
682,0.682,0.9241144061088562,1.0,208,1,1,494,0.494
683,0.683,0.9241144061088562,1.0,209,1,1,494,0.494
684,0.684,0.9241144061088562,1.0,210,1,1,494,0.494
685,0.685,0.9241144061088562,1.0,211,1,1,494,0.494
686,0.686,0.9241144061088562,1.0,212,1,1,494,0.494
687,0.687,0.9241144061088562,1.0,213,1,1,494,0.494
688,0.6880000000000001,0.9241144061088562,1.0,214,1,1,494,0.494
689,0.6890000000000001,0.9241144061088562,1.0,215,1,1,494,0.494
690,0.6900000000000001,0.9241144061088562,1.0,216,1,1,494,0.494
691,0.6910000000000001,0.9241144061088562,1.0,217,1,1,494,0.494
692,0.6920000000000001,0.9241144061088562,1.0,218,1,1,494,0.494
693,0.6930000000000001,0.9241144061088562,1.0,219,1,1,494,0.494
694,0.6940000000000001,0.9241144061088562,1.0,220,1,1,494,0.494
695,0.6950000000000001,0.9241144061088562,1.0,221,1,1,494,0.494
696,0.6960000000000001,0.9241144061088562,1.0,222,1,1,494,0.494
697,0.6970000000000001,0.9241144061088562,1.0,223,1,1,494,0.494
698,0.6980000000000001,0.9241144061088562,1.0,224,1,1,494,0.494
699,0.6990000000000001,0.9241144061088562,1.0,225,1,1,494,0.494
700,0.7000000000000001,0.9241144061088562,1.0,226,1,1,494,0.494
701,0.7010000000000001,0.9241144061088562,1.0,227,1,1,494,0.494
702,0.7020000000000001,0.9241144061088562,1.0,228,1,1,494,0.494
703,0.7030000000000001,0.9241144061088562,1.0,229,1,1,494,0.494
704,0.704,0.9241144061088562,1.0,230,1,1,494,0.494
705,0.705,0.9241144061088562,1.0,231,1,1,494,0.494
706,0.706,0.9241144061088562,1.0,232,1,1,494,0.494
707,0.707,0.9241144061088562,1.0,233,1,1,494,0.494
708,0.708,0.9241144061088562,1.0,234,1,1,494,0.494
709,0.709,0.9241144061088562,1.0,235,1,1,494,0.494
710,0.71,0.9241144061088562,1.0,236,1,1,494,0.494
711,0.711,0.9241144061088562,1.0,237,1,1,494,0.494
712,0.712,0.9241144061088562,1.0,238,1,1,494,0.494
713,0.713,0.9241144061088562,1.0,239,1,1,494,0.494
714,0.714,0.9241144061088562,1.0,240,1,1,494,0.494
715,0.715,0.9241144061088562,1.0,241,1,1,494,0.494
716,0.716,0.9241144061088562,1.0,242,1,1,494,0.494
717,0.717,0.9241144061088562,1.0,243,1,1,494,0.494
718,0.718,0.9241144061088562,1.0,244,1,1,494,0.494
719,0.719,0.9241144061088562,1.0,245,1,1,494,0.494
720,0.72,0.9241144061088562,1.0,246,1,1,494,0.494
721,0.721,0.9241144061088562,1.0,247,1,1,494,0.494
722,0.722,0.9241144061088562,1.0,248,1,1,494,0.494
723,0.723,0.9241144061088562,1.0,249,1,1,494,0.494
724,0.724,0.9241144061088562,1.0,250,1,1,494,0.494
725,0.725,0.9241144061088562,1.0,251,1,1,494,0.494
726,0.726,0.9241144061088562,1.0,252,1,1,494,0.494
727,0.727,0.9241144061088562,1.0,253,1,1,494,0.494
728,0.728,0.9241144061088562,1.0,254,1,1,494,0.494
729,0.729,0.9241144061088562,1.0,255,1,1,494,0.494
730,0.73,0.9241144061088562,1.0,256,1,1,494,0.494
731,0.731,0.9241144061088562,1.0,257,1,1,494,0.494
732,0.732,0.9241144061088562,1.0,258,1,1,494,0.494
733,0.733,0.9241144061088562,1.0,259,1,1,494,0.494
734,0.734,0.9241144061088562,1.0,260,1,1,494,0.494
735,0.735,0.9241144061088562,1.0,261,1,1,494,0.494
736,0.736,0.9241144061088562,1.0,262,1,1,494,0.494
737,0.737,0.9241144061088562,1.0,263,1,1,494,0.494
738,0.738,0.9241144061088562,1.0,264,1,1,494,0.494
739,0.739,0.9241144061088562,1.0,265,1,1,494,0.494
740,0.74,0.9241144061088562,1.0,266,1,1,494,0.494
741,0.741,0.9241144061088562,1.0,267,1,1,494,0.494
742,0.742,0.9241144061088562,1.0,268,1,1,494,0.494
743,0.743,0.9241144061088562,1.0,269,1,1,494,0.494
744,0.744,0.9241144061088562,1.0,270,1,1,494,0.494
745,0.745,0.9241144061088562,1.0,271,1,1,494,0.494
746,0.746,0.9241144061088562,1.0,272,1,1,494,0.494
747,0.747,0.9241144061088562,1.0,273,1,1,494,0.494
748,0.748,0.9241144061088562,1.0,274,1,1,494,0.494
749,0.749,0.9241144061088562,1.0,275,1,1,494,0.494
750,0.75,0.9241144061088562,1.0,276,1,1,494,0.494
751,0.751,0.9241144061088562,1.0,277,1,1,494,0.494
752,0.752,0.9241144061088562,1.0,278,1,1,494,0.494
753,0.753,0.9241144061088562,1.0,279,1,1,494,0.494
754,0.754,0.9241144061088562,1.0,280,1,1,494,0.494
755,0.755,0.9241144061088562,1.0,281,1,1,494,0.494
756,0.756,0.9241144061088562,1.0,282,1,1,494,0.494
757,0.757,0.9241144061088562,1.0,283,1,1,494,0.494
758,0.758,0.9241144061088562,1.0,284,1,1,494,0.494
759,0.759,0.9241144061088562,1.0,285,1,1,494,0.494
760,0.76,0.9241144061088562,1.0,286,1,1,494,0.494
761,0.761,0.9241144061088562,1.0,287,1,1,494,0.494
762,0.762,0.9241144061088562,1.0,288,1,1,494,0.494
763,0.763,0.9241144061088562,1.0,289,1,1,494,0.494
764,0.764,0.9241144061088562,1.0,290,1,1,494,0.494
765,0.765,0.9241144061088562,1.0,291,1,1,494,0.494
766,0.766,0.9241144061088562,1.0,292,1,1,494,0.494
767,0.767,0.9241144061088562,1.0,293,1,1,494,0.494
768,0.768,0.9241144061088562,1.0,294,1,1,494,0.494
769,0.769,0.9241144061088562,1.0,295,1,1,494,0.494
770,0.77,0.9241144061088562,1.0,296,1,1,494,0.494
771,0.771,0.9241144061088562,1.0,297,1,1,494,0.494
772,0.772,0.9241144061088562,1.0,298,1,1,494,0.494
773,0.773,0.9241144061088562,1.0,299,1,1,494,0.494
774,0.774,0.9241144061088562,1.0,300,1,1,494,0.494
775,0.775,0.9241144061088562,1.0,301,1,1,494,0.494
776,0.776,0.9241144061088562,1.0,302,1,1,494,0.494
777,0.777,0.9241144061088562,1.0,303,1,1,494,0.494
778,0.778,0.9241144061088562,1.0,304,1,1,494,0.494
779,0.779,0.9241144061088562,1.0,305,1,1,494,0.494
780,0.78,0.9241144061088562,1.0,306,1,1,494,0.494
781,0.781,0.9241144061088562,1.0,307,1,1,494,0.494
782,0.782,0.9241144061088562,1.0,308,1,1,494,0.494
783,0.783,0.9241144061088562,1.0,309,1,1,494,0.494
784,0.784,0.9241144061088562,1.0,310,1,1,494,0.494
785,0.785,0.9241144061088562,1.0,311,1,1,494,0.494
786,0.786,0.9241144061088562,1.0,312,1,1,494,0.494
787,0.787,0.9241144061088562,1.0,313,1,1,494,0.494
788,0.788,0.9241144061088562,1.0,314,1,1,494,0.494
789,0.789,0.9241144061088562,1.0,315,1,1,494,0.494
790,0.79,0.9241144061088562,1.0,316,1,1,494,0.494
791,0.791,0.9241144061088562,1.0,317,1,1,494,0.494
792,0.792,0.9241144061088562,1.0,318,1,1,494,0.494
793,0.793,0.9241144061088562,1.0,319,1,1,494,0.494
794,0.794,0.9241144061088562,1.0,320,1,1,494,0.494
795,0.795,0.9241144061088562,1.0,321,1,1,494,0.494
796,0.796,0.9241144061088562,1.0,322,1,1,494,0.494
797,0.797,0.9241144061088562,1.0,323,1,1,494,0.494
798,0.798,0.9241144061088562,1.0,324,1,1,494,0.494
799,0.799,0.9241144061088562,1.0,325,1,1,494,0.494
800,0.8,0.9241144061088562,1.0,326,1,1,494,0.494
801,0.801,0.9241144061088562,1.0,327,1,1,494,0.494
802,0.802,0.9241144061088562,1.0,328,1,1,494,0.494
803,0.803,0.9241144061088562,1.0,329,1,1,494,0.494
804,0.804,0.9241144061088562,1.0,330,1,1,494,0.494
805,0.805,0.9241144061088562,1.0,331,1,1,494,0.494
806,0.806,0.9241144061088562,1.0,332,1,1,494,0.494
807,0.807,0.9241144061088562,1.0,333,1,1,494,0.494
808,0.808,0.9241144061088562,1.0,334,1,1,494,0.494
809,0.809,0.9241144061088562,1.0,335,1,1,494,0.494
810,0.81,0.9241144061088562,1.0,336,1,1,494,0.494
811,0.811,0.9241144061088562,1.0,337,1,1,494,0.494
812,0.812,0.9241144061088562,1.0,338,1,1,494,0.494
813,0.8130000000000001,0.9241144061088562,1.0,339,1,1,494,0.494
814,0.8140000000000001,0.9241144061088562,1.0,340,1,1,494,0.494
815,0.8150000000000001,0.9241144061088562,1.0,341,1,1,494,0.494
816,0.8160000000000001,0.9241144061088562,1.0,342,1,1,494,0.494
817,0.8170000000000001,0.9241144061088562,1.0,343,1,1,494,0.494
818,0.8180000000000001,0.9241144061088562,1.0,344,1,1,494,0.494
819,0.8190000000000001,0.9241144061088562,1.0,345,1,1,494,0.494
820,0.8200000000000001,0.9241144061088562,1.0,346,1,1,494,0.494
821,0.8210000000000001,0.9241144061088562,1.0,347,1,1,494,0.494
822,0.8220000000000001,0.9241144061088562,1.0,348,1,1,494,0.494
823,0.8230000000000001,0.9241144061088562,1.0,349,1,1,494,0.494
824,0.8240000000000001,0.9241144061088562,1.0,350,1,1,494,0.494
825,0.8250000000000001,0.9241144061088562,1.0,351,1,1,494,0.494
826,0.8260000000000001,0.9241144061088562,1.0,352,1,1,494,0.494
827,0.8270000000000001,0.9241144061088562,1.0,353,1,1,494,0.494
828,0.8280000000000001,0.9241144061088562,1.0,354,1,1,494,0.494
829,0.8290000000000001,0.9241144061088562,1.0,355,1,1,494,0.494
830,0.8300000000000001,0.9241144061088562,1.0,356,1,1,494,0.494
831,0.8310000000000001,0.9241144061088562,1.0,357,1,1,494,0.494
832,0.8320000000000001,0.9241144061088562,1.0,358,1,1,494,0.494
833,0.833,0.9241144061088562,1.0,359,1,1,494,0.494
834,0.834,0.9241144061088562,1.0,360,1,1,494,0.494
835,0.835,0.9241144061088562,1.0,361,1,1,494,0.494
836,0.836,0.9241144061088562,1.0,362,1,1,494,0.494
837,0.837,0.9241144061088562,1.0,363,1,1,494,0.494
838,0.838,0.9241144061088562,1.0,364,1,1,494,0.494
839,0.839,0.9241144061088562,1.0,365,1,1,494,0.494
840,0.84,0.9241144061088562,1.0,366,1,1,494,0.494
841,0.841,0.9241144061088562,1.0,367,1,1,494,0.494
842,0.842,0.9241144061088562,1.0,368,1,1,494,0.494
843,0.843,0.9241144061088562,1.0,369,1,1,494,0.494
844,0.844,0.9241144061088562,1.0,370,1,1,494,0.494
845,0.845,0.9241144061088562,1.0,371,1,1,494,0.494
846,0.846,0.9241144061088562,1.0,372,1,1,494,0.494
847,0.847,0.9241144061088562,1.0,373,1,1,494,0.494
848,0.848,0.9241144061088562,1.0,374,1,1,494,0.494
849,0.849,0.9241144061088562,1.0,375,1,1,494,0.494
850,0.85,0.9241144061088562,1.0,376,1,1,494,0.494
851,0.851,0.9241144061088562,1.0,377,1,1,494,0.494
852,0.852,0.9241144061088562,1.0,378,1,1,494,0.494
853,0.853,0.9241144061088562,1.0,379,1,1,494,0.494
854,0.854,0.9241144061088562,1.0,380,1,1,494,0.494
855,0.855,0.9241144061088562,1.0,381,1,1,494,0.494
856,0.856,0.9241144061088562,1.0,382,1,1,494,0.494
857,0.857,0.9241144061088562,1.0,383,1,1,494,0.494
858,0.858,0.9241144061088562,1.0,384,1,1,494,0.494
859,0.859,0.9241144061088562,1.0,385,1,1,494,0.494
860,0.86,0.9241144061088562,1.0,386,1,1,494,0.494
861,0.861,0.9241144061088562,1.0,387,1,1,494,0.494
862,0.862,0.9241144061088562,1.0,388,1,1,494,0.494
863,0.863,0.9241144061088562,1.0,389,1,1,494,0.494
864,0.864,0.9241144061088562,1.0,390,1,1,494,0.494
865,0.865,0.9241144061088562,1.0,391,1,1,494,0.494
866,0.866,0.9241144061088562,1.0,392,1,1,494,0.494
867,0.867,0.9241144061088562,1.0,393,1,1,494,0.494
868,0.868,0.9241144061088562,1.0,394,1,1,494,0.494
869,0.869,0.9241144061088562,1.0,395,1,1,494,0.494
870,0.87,0.9241144061088562,1.0,396,1,1,494,0.494
871,0.871,0.9241144061088562,1.0,397,1,1,494,0.494
872,0.872,0.9241144061088562,1.0,398,1,1,494,0.494
873,0.873,0.9241144061088562,1.0,399,1,1,494,0.494
874,0.874,0.9241144061088562,1.0,400,1,1,494,0.494
875,0.875,0.9241144061088562,1.0,401,1,1,494,0.494
876,0.876,0.9241144061088562,1.0,402,1,1,494,0.494
877,0.877,0.9241144061088562,1.0,403,1,1,494,0.494
878,0.878,0.9241144061088562,1.0,404,1,1,494,0.494
879,0.879,0.9241144061088562,1.0,405,1,1,494,0.494
880,0.88,0.9241144061088562,1.0,406,1,1,494,0.494
881,0.881,0.9241144061088562,1.0,407,1,1,494,0.494
882,0.882,0.9241144061088562,1.0,408,1,1,494,0.494
883,0.883,0.9241144061088562,1.0,409,1,1,494,0.494
884,0.884,0.9241144061088562,1.0,410,1,1,494,0.494
885,0.885,0.9241144061088562,1.0,411,1,1,494,0.494
886,0.886,0.9241144061088562,1.0,412,1,1,494,0.494
887,0.887,0.9241144061088562,1.0,413,1,1,494,0.494
888,0.888,0.9241144061088562,1.0,414,1,1,494,0.494
889,0.889,0.9241144061088562,1.0,415,1,1,494,0.494
890,0.89,0.9241144061088562,1.0,416,1,1,494,0.494
891,0.891,0.9241144061088562,1.0,417,1,1,494,0.494
892,0.892,0.9241144061088562,1.0,418,1,1,494,0.494
893,0.893,0.9241144061088562,1.0,419,1,1,494,0.494
894,0.894,0.9241144061088562,1.0,420,1,1,494,0.494
895,0.895,0.9241144061088562,1.0,421,1,1,494,0.494
896,0.896,0.9241144061088562,1.0,422,1,1,494,0.494
897,0.897,0.9241144061088562,1.0,423,1,1,494,0.494
898,0.898,0.9241144061088562,1.0,424,1,1,494,0.494
899,0.899,0.9241144061088562,1.0,425,1,1,494,0.494
900,0.9,0.9241144061088562,1.0,426,1,1,494,0.494
901,0.901,0.9241144061088562,1.0,427,1,1,494,0.494
902,0.902,0.9241144061088562,1.0,428,1,1,494,0.494
903,0.903,0.9241144061088562,1.0,429,1,1,494,0.494
904,0.904,0.9241144061088562,1.0,430,1,1,494,0.494
905,0.905,0.9241144061088562,1.0,431,1,1,494,0.494
906,0.906,0.9241144061088562,1.0,432,1,1,494,0.494
907,0.907,0.9241144061088562,1.0,433,1,1,494,0.494
908,0.908,0.9241144061088562,1.0,434,1,1,494,0.494
909,0.909,0.9241144061088562,1.0,435,1,1,494,0.494
910,0.91,0.9241144061088562,1.0,436,1,1,494,0.494
911,0.911,0.9241144061088562,1.0,437,1,1,494,0.494
912,0.912,0.9241144061088562,1.0,438,1,1,494,0.494
913,0.913,0.9241144061088562,1.0,439,1,1,494,0.494
914,0.914,0.9241144061088562,1.0,440,1,1,494,0.494
915,0.915,0.9241144061088562,1.0,441,1,1,494,0.494
916,0.916,0.9241144061088562,1.0,442,1,1,494,0.494
917,0.917,0.9241144061088562,1.0,443,1,1,494,0.494
918,0.918,0.9241144061088562,1.0,444,1,1,494,0.494
919,0.919,0.9241144061088562,1.0,445,1,1,494,0.494
920,0.92,0.9241144061088562,1.0,446,1,1,494,0.494
921,0.921,0.9241144061088562,1.0,447,1,1,494,0.494
922,0.922,0.9241144061088562,1.0,448,1,1,494,0.494
923,0.923,0.9241144061088562,1.0,449,1,1,494,0.494
924,0.924,0.9241144061088562,1.0,450,1,1,494,0.494
925,0.925,0.9241144061088562,1.0,451,1,1,494,0.494
926,0.926,0.9241144061088562,1.0,452,1,1,494,0.494
927,0.927,0.9241144061088562,1.0,453,1,1,494,0.494
928,0.928,0.9241144061088562,1.0,454,1,1,494,0.494
929,0.929,0.9241144061088562,1.0,455,1,1,494,0.494
930,0.93,0.9241144061088562,1.0,456,1,1,494,0.494
931,0.931,0.9241144061088562,1.0,457,1,1,494,0.494
932,0.932,0.9241144061088562,1.0,458,1,1,494,0.494
933,0.933,0.9241144061088562,1.0,459,1,1,494,0.494
934,0.934,0.9241144061088562,1.0,460,1,1,494,0.494
935,0.935,0.9241144061088562,1.0,461,1,1,494,0.494
936,0.936,0.9241144061088562,1.0,462,1,1,494,0.494
937,0.937,0.9241144061088562,1.0,463,1,1,494,0.494
938,0.9380000000000001,0.9241144061088562,1.0,464,1,1,494,0.494
939,0.9390000000000001,0.9241144061088562,1.0,465,1,1,494,0.494
940,0.9400000000000001,0.9241144061088562,1.0,466,1,1,494,0.494
941,0.9410000000000001,0.9241144061088562,1.0,467,1,1,494,0.494
942,0.9420000000000001,0.9241144061088562,1.0,468,1,1,494,0.494
943,0.9430000000000001,0.9241144061088562,1.0,469,1,1,494,0.494
944,0.9440000000000001,0.9241144061088562,1.0,470,1,1,494,0.494
945,0.9450000000000001,0.9241144061088562,1.0,471,1,1,494,0.494
946,0.9460000000000001,0.9241144061088562,1.0,472,1,1,494,0.494
947,0.9470000000000001,0.9241144061088562,1.0,473,1,1,494,0.494
948,0.9480000000000001,0.9241144061088562,1.0,474,1,1,494,0.494
949,0.9490000000000001,0.9241144061088562,1.0,475,1,1,494,0.494
950,0.9500000000000001,0.9241144061088562,1.0,476,1,1,494,0.494
951,0.9510000000000001,0.9241144061088562,1.0,477,1,1,494,0.494
952,0.9520000000000001,0.9241144061088562,1.0,478,1,1,494,0.494
953,0.9530000000000001,0.9241144061088562,1.0,479,1,1,494,0.494
954,0.9540000000000001,0.9241144061088562,1.0,480,1,1,494,0.494
955,0.9550000000000001,0.9241144061088562,1.0,481,1,1,494,0.494
956,0.9560000000000001,0.9241144061088562,1.0,482,1,1,494,0.494
957,0.9570000000000001,0.9241144061088562,1.0,483,1,1,494,0.494
958,0.9580000000000001,0.9241144061088562,1.0,484,1,1,494,0.494
959,0.9590000000000001,0.9241144061088562,1.0,485,1,1,494,0.494
960,0.96,0.9241144061088562,1.0,486,1,1,494,0.494
961,0.961,0.9241144061088562,1.0,487,1,1,494,0.494
962,0.962,0.9241144061088562,1.0,488,1,1,494,0.494
963,0.963,0.9241144061088562,1.0,489,1,1,494,0.494
964,0.964,0.9241144061088562,1.0,490,1,1,494,0.494
965,0.965,0.9241144061088562,1.0,491,1,1,494,0.494
966,0.966,0.9241144061088562,1.0,492,1,1,494,0.494
967,0.967,0.9241144061088562,1.0,493,1,1,494,0.494
968,0.968,0.9241144061088562,1.0,494,1,1,494,0.494
969,0.969,0.9241144061088562,1.0,495,1,1,494,0.494
970,0.97,0.9241144061088562,1.0,496,1,1,494,0.494
971,0.971,0.9241144061088562,1.0,497,1,1,494,0.494
972,0.972,0.9241144061088562,1.0,498,1,1,494,0.494
973,0.973,0.9241144061088562,1.0,499,1,1,494,0.494
974,0.974,0.9241144061088562,1.0,500,1,1,494,0.494
975,0.975,0.9241144061088562,1.0,501,1,1,494,0.494
976,0.976,0.9241144061088562,1.0,502,1,1,494,0.494
977,0.977,0.9241144061088562,1.0,503,1,1,494,0.494
978,0.978,0.9241144061088562,1.0,504,1,1,494,0.494
979,0.979,0.9241144061088562,1.0,505,1,1,494,0.494
980,0.98,0.9241144061088562,1.0,506,1,1,494,0.494
981,0.981,0.9241144061088562,1.0,507,1,1,494,0.494
982,0.982,0.9241144061088562,1.0,508,1,1,494,0.494
983,0.983,0.9241144061088562,1.0,509,1,1,494,0.494
984,0.984,0.9241144061088562,1.0,510,1,1,494,0.494
985,0.985,0.9241144061088562,1.0,511,1,1,494,0.494
986,0.986,0.9241144061088562,1.0,512,1,1,494,0.494
987,0.987,0.9241144061088562,1.0,513,1,1,494,0.494
988,0.988,0.9241144061088562,1.0,514,1,1,494,0.494
989,0.989,0.9241144061088562,1.0,515,1,1,494,0.494
990,0.99,0.9241144061088562,1.0,516,1,1,494,0.494
991,0.991,0.9241144061088562,1.0,517,1,1,494,0.494
992,0.992,0.9241144061088562,1.0,518,1,1,494,0.494
993,0.993,0.9241144061088562,1.0,519,1,1,494,0.494
994,0.994,0.9241144061088562,1.0,520,1,1,494,0.494
995,0.995,0.9241144061088562,1.0,521,1,1,494,0.494
996,0.996,0.9241144061088562,1.0,522,1,1,494,0.494
997,0.997,0.9241144061088562,1.0,523,1,1,494,0.494
998,0.998,0.9241144061088562,1.0,524,1,1,494,0.494
999,0.999,0.9241144061088562,1.0,525,1,1,494,0.494
1000,1.0,0.9241144061088562,1.0,526,1,1,494,0.494
1001,1.0010000000000001,0.9241144061088562,1.0,527,1,1,494,0.494
1002,1.002,0.9241144061088562,1.0,528,1,1,494,0.494
1003,1.0030000000000001,0.9241144061088562,1.0,529,1,1,494,0.494
1004,1.004,0.9241144061088562,1.0,530,1,1,494,0.494
1005,1.0050000000000001,0.9241144061088562,1.0,531,1,1,494,0.494
1006,1.006,0.9241144061088562,1.0,532,1,1,494,0.494
1007,1.0070000000000001,0.9241144061088562,1.0,533,1,1,494,0.494
1008,1.008,0.9241144061088562,1.0,534,1,1,494,0.494
1009,1.0090000000000001,0.9241144061088562,1.0,535,1,1,494,0.494
1010,1.01,0.9241144061088562,1.0,536,1,1,494,0.494
1011,1.0110000000000001,0.9241144061088562,1.0,537,1,1,494,0.494
1012,1.012,0.9241144061088562,1.0,538,1,1,494,0.494
1013,1.0130000000000001,0.9241144061088562,1.0,539,1,1,494,0.494
1014,1.014,0.9241144061088562,1.0,540,1,1,494,0.494
1015,1.0150000000000001,0.9241144061088562,1.0,541,1,1,494,0.494
1016,1.016,0.9241144061088562,1.0,542,1,1,494,0.494
1017,1.0170000000000001,0.9241144061088562,1.0,543,1,1,494,0.494
1018,1.018,0.9241144061088562,1.0,544,1,1,494,0.494
1019,1.0190000000000001,0.9241144061088562,1.0,545,1,1,494,0.494
1020,1.02,0.9241144061088562,1.0,546,1,1,494,0.494
1021,1.0210000000000001,0.9241144061088562,1.0,547,1,1,494,0.494
1022,1.022,0.9241144061088562,1.0,548,1,1,494,0.494
1023,1.0230000000000001,0.9241144061088562,1.0,549,1,1,494,0.494
1024,1.024,0.9241144061088562,1.0,550,1,1,494,0.494
1025,1.025,0.9241144061088562,1.0,551,1,1,494,0.494
1026,1.026,0.9241144061088562,1.0,552,1,1,494,0.494
1027,1.027,0.9241144061088562,1.0,553,1,1,494,0.494
1028,1.028,0.9241144061088562,1.0,554,1,1,494,0.494
1029,1.029,0.9241144061088562,1.0,555,1,1,494,0.494
1030,1.03,0.9241144061088562,1.0,556,1,1,494,0.494
1031,1.031,0.9241144061088562,1.0,557,1,1,494,0.494
1032,1.032,0.9241144061088562,1.0,558,1,1,494,0.494
1033,1.033,0.9241144061088562,1.0,559,1,1,494,0.494
1034,1.034,0.9241144061088562,1.0,560,1,1,494,0.494
1035,1.035,0.9241144061088562,1.0,561,1,1,494,0.494
1036,1.036,0.9241144061088562,1.0,562,1,1,494,0.494
1037,1.037,0.9241144061088562,1.0,563,1,1,494,0.494
1038,1.038,0.9241144061088562,1.0,564,1,1,494,0.494
1039,1.039,0.9241144061088562,1.0,565,1,1,494,0.494
1040,1.04,0.9241144061088562,1.0,566,1,1,494,0.494
1041,1.041,0.9241144061088562,1.0,567,1,1,494,0.494
1042,1.042,0.9241144061088562,1.0,568,1,1,494,0.494
1043,1.043,0.9241144061088562,1.0,569,1,1,494,0.494
1044,1.044,0.9241144061088562,1.0,570,1,1,494,0.494
1045,1.045,0.9241144061088562,1.0,571,1,1,494,0.494
1046,1.046,0.9241144061088562,1.0,572,1,1,494,0.494
1047,1.047,0.9241144061088562,1.0,573,1,1,494,0.494
1048,1.048,0.9241144061088562,1.0,574,1,1,494,0.494
1049,1.049,0.9241144061088562,1.0,575,1,1,494,0.494
1050,1.05,0.9241144061088562,1.0,576,1,1,494,0.494
1051,1.051,0.9241144061088562,1.0,577,1,1,494,0.494
1052,1.052,0.9241144061088562,1.0,578,1,1,494,0.494
1053,1.053,0.9241144061088562,1.0,579,1,1,494,0.494
1054,1.054,0.9241144061088562,1.0,580,1,1,494,0.494
1055,1.055,0.9241144061088562,1.0,581,1,1,494,0.494
1056,1.056,0.9241144061088562,1.0,582,1,1,494,0.494
1057,1.057,0.9241144061088562,1.0,583,1,1,494,0.494
1058,1.058,0.9241144061088562,1.0,584,1,1,494,0.494
1059,1.059,0.9241144061088562,1.0,585,1,1,494,0.494
1060,1.06,0.9241144061088562,1.0,586,1,1,494,0.494
1061,1.061,0.9241144061088562,1.0,587,1,1,494,0.494
1062,1.062,0.9241144061088562,1.0,588,1,1,494,0.494
1063,1.063,0.9241144061088562,1.0,589,1,1,494,0.494
1064,1.064,0.9241144061088562,1.0,590,1,1,494,0.494
1065,1.065,0.9241144061088562,1.0,591,1,1,494,0.494
1066,1.066,0.9241144061088562,1.0,592,1,1,494,0.494
1067,1.067,0.9241144061088562,1.0,593,1,1,494,0.494
1068,1.068,0.9241144061088562,1.0,594,1,1,494,0.494
1069,1.069,0.9241144061088562,1.0,595,1,1,494,0.494
1070,1.07,0.9241144061088562,1.0,596,1,1,494,0.494
1071,1.071,0.9241144061088562,1.0,597,1,1,494,0.494
1072,1.072,0.9241144061088562,1.0,598,1,1,494,0.494
1073,1.073,0.9241144061088562,1.0,599,1,1,494,0.494
1074,1.074,0.9241144061088562,1.0,600,1,1,494,0.494
1075,1.075,0.9241144061088562,1.0,601,1,1,494,0.494
1076,1.076,0.9241144061088562,1.0,602,1,1,494,0.494
1077,1.077,0.9241144061088562,1.0,603,1,1,494,0.494
1078,1.078,0.9241144061088562,1.0,604,1,1,494,0.494
1079,1.079,0.9241144061088562,1.0,605,1,1,494,0.494
1080,1.08,0.9241144061088562,1.0,606,1,1,494,0.494
1081,1.081,0.9241144061088562,1.0,607,1,1,494,0.494
1082,1.082,0.9241144061088562,1.0,608,1,1,494,0.494
1083,1.083,0.9241144061088562,1.0,609,1,1,494,0.494
1084,1.084,0.9241144061088562,1.0,610,1,1,494,0.494
1085,1.085,0.9241144061088562,1.0,611,1,1,494,0.494
1086,1.086,0.9241144061088562,1.0,612,1,1,494,0.494
1087,1.087,0.9241144061088562,1.0,613,1,1,494,0.494
1088,1.088,0.9241144061088562,1.0,614,1,1,494,0.494
1089,1.089,0.9241144061088562,1.0,615,1,1,494,0.494
1090,1.09,0.9241144061088562,1.0,616,1,1,494,0.494
1091,1.091,0.9241144061088562,1.0,617,1,1,494,0.494
1092,1.092,0.9241144061088562,1.0,618,1,1,494,0.494
1093,1.093,0.9241144061088562,1.0,619,1,1,494,0.494
1094,1.094,0.9241144061088562,1.0,620,1,1,494,0.494
1095,1.095,0.9241144061088562,1.0,621,1,1,494,0.494
1096,1.096,0.9241144061088562,1.0,622,1,1,494,0.494
1097,1.097,0.9241144061088562,1.0,623,1,1,494,0.494
1098,1.098,0.9241144061088562,1.0,624,1,1,494,0.494
1099,1.099,0.9241144061088562,1.0,625,1,1,494,0.494
1100,1.1,0.9241144061088562,1.0,626,1,1,494,0.494
1101,1.101,0.9241144061088562,1.0,627,1,1,494,0.494
1102,1.102,0.9241144061088562,1.0,628,1,1,494,0.494
1103,1.103,0.9241144061088562,1.0,629,1,1,494,0.494
1104,1.104,0.9241144061088562,1.0,630,1,1,494,0.494
1105,1.105,0.9241144061088562,1.0,631,1,1,494,0.494
1106,1.106,0.9241144061088562,1.0,632,1,1,494,0.494
1107,1.107,0.9241144061088562,1.0,633,1,1,494,0.494
1108,1.108,0.9241144061088562,1.0,634,1,1,494,0.494
1109,1.109,0.9241144061088562,1.0,635,1,1,494,0.494
1110,1.11,0.9241144061088562,1.0,636,1,1,494,0.494
1111,1.111,0.9241144061088562,1.0,637,1,1,494,0.494
1112,1.112,0.9241144061088562,1.0,638,1,1,494,0.494
1113,1.113,0.9241144061088562,1.0,639,1,1,494,0.494
1114,1.114,0.9241144061088562,1.0,640,1,1,494,0.494
1115,1.115,0.9241144061088562,1.0,641,1,1,494,0.494
1116,1.116,0.9241144061088562,1.0,642,1,1,494,0.494
1117,1.117,0.9241144061088562,1.0,643,1,1,494,0.494
1118,1.118,0.9241144061088562,1.0,644,1,1,494,0.494
1119,1.119,0.9241144061088562,1.0,645,1,1,494,0.494
1120,1.12,0.9241144061088562,1.0,646,1,1,494,0.494
1121,1.121,0.9241144061088562,1.0,647,1,1,494,0.494
1122,1.122,0.9241144061088562,1.0,648,1,1,494,0.494
1123,1.123,0.9241144061088562,1.0,649,1,1,494,0.494
1124,1.124,0.9241144061088562,1.0,650,1,1,494,0.494
1125,1.125,0.9241144061088562,1.0,651,1,1,494,0.494
1126,1.1260000000000001,0.9241144061088562,1.0,652,1,1,494,0.494
1127,1.127,0.9241144061088562,1.0,653,1,1,494,0.494
1128,1.1280000000000001,0.9241144061088562,1.0,654,1,1,494,0.494
1129,1.129,0.9241144061088562,1.0,655,1,1,494,0.494
1130,1.1300000000000001,0.9241144061088562,1.0,656,1,1,494,0.494
1131,1.131,0.9241144061088562,1.0,657,1,1,494,0.494
1132,1.1320000000000001,0.9241144061088562,1.0,658,1,1,494,0.494
1133,1.133,0.9241144061088562,1.0,659,1,1,494,0.494
1134,1.1340000000000001,0.9241144061088562,1.0,660,1,1,494,0.494
1135,1.135,0.9241144061088562,1.0,661,1,1,494,0.494
1136,1.1360000000000001,0.9241144061088562,1.0,662,1,1,494,0.494
1137,1.137,0.9241144061088562,1.0,663,1,1,494,0.494
1138,1.1380000000000001,0.9241144061088562,1.0,664,1,1,494,0.494
1139,1.139,0.9241144061088562,1.0,665,1,1,494,0.494
1140,1.1400000000000001,0.9241144061088562,1.0,666,1,1,494,0.494
1141,1.141,0.9241144061088562,1.0,667,1,1,494,0.494
1142,1.1420000000000001,0.9241144061088562,1.0,668,1,1,494,0.494
1143,1.143,0.9241144061088562,1.0,669,1,1,494,0.494
1144,1.1440000000000001,0.9241144061088562,1.0,670,1,1,494,0.494
1145,1.145,0.9241144061088562,1.0,671,1,1,494,0.494
1146,1.1460000000000001,0.9241144061088562,1.0,672,1,1,494,0.494
1147,1.147,0.9241144061088562,1.0,673,1,1,494,0.494
1148,1.1480000000000001,0.9241144061088562,1.0,674,1,1,494,0.494
1149,1.149,0.9241144061088562,1.0,675,1,1,494,0.494
1150,1.1500000000000001,0.9241144061088562,1.0,676,1,1,494,0.494
1151,1.151,0.9241144061088562,1.0,677,1,1,494,0.494
1152,1.1520000000000001,0.9241144061088562,1.0,678,1,1,494,0.494
1153,1.153,0.9241144061088562,1.0,679,1,1,494,0.494
1154,1.154,0.9241144061088562,1.0,680,1,1,494,0.494
1155,1.155,0.9241144061088562,1.0,681,1,1,494,0.494
1156,1.156,0.9241144061088562,1.0,682,1,1,494,0.494
1157,1.157,0.9241144061088562,1.0,683,1,1,494,0.494
1158,1.158,0.9241144061088562,1.0,684,1,1,494,0.494
1159,1.159,0.9241144061088562,1.0,685,1,1,494,0.494
1160,1.16,0.9241144061088562,1.0,686,1,1,494,0.494
1161,1.161,0.9241144061088562,1.0,687,1,1,494,0.494
1162,1.162,0.9241144061088562,1.0,688,1,1,494,0.494
1163,1.163,0.9241144061088562,1.0,689,1,1,494,0.494
1164,1.164,0.9241144061088562,1.0,690,1,1,494,0.494
1165,1.165,0.9241144061088562,1.0,691,1,1,494,0.494
1166,1.166,0.9241144061088562,1.0,692,1,1,494,0.494
1167,1.167,0.9241144061088562,1.0,693,1,1,494,0.494
1168,1.168,0.9241144061088562,1.0,694,1,1,494,0.494
1169,1.169,0.9241144061088562,1.0,695,1,1,494,0.494
1170,1.17,0.9241144061088562,1.0,696,1,1,494,0.494
